# of features removed,AOPC-global,optimization
0,0.0,0.1
1,0.0080132549811162,0.1
2,0.0128676022547865,0.1
3,0.0166065914439433,0.1
4,0.0205585273449314,0.1
5,0.0250510242263455,0.1
6,0.0287638943245818,0.1
7,0.0316610854026418,0.1
8,0.033987721121497,0.1
9,0.0359256220625011,0.1
10,0.0376999231812276,0.1
11,0.039289176603593,0.1
12,0.0407583862444297,0.1
13,0.0420733484262077,0.1
14,0.0433476792106857,0.1
15,0.0445715728586976,0.1
16,0.0457097706861639,0.1
17,0.0467478606990411,0.1
18,0.0477889927477887,0.1
19,0.0487728764311152,0.1
20,0.0497078078310999,0.1
21,0.0505754404695648,0.1
22,0.0514264898868823,0.1
23,0.052271218466148,0.1
24,0.053110203007085,0.1
25,0.0539095071071067,0.1
26,0.0546969409230133,0.1
27,0.0556537207330942,0.1
28,0.0565653065737871,0.1
29,0.0574881624985692,0.1
30,0.058453822642571,0.1
0,0.0,0.5
1,0.0080132549811162,0.5
2,0.0130618666997669,0.5
3,0.0174947547215503,0.5
4,0.0212690579670169,0.5
5,0.0256431330780835,0.5
6,0.0292714161975001,0.5
7,0.0322277405117986,0.5
8,0.0350790192485269,0.5
9,0.0374566388501607,0.5
10,0.0394885370282592,0.5
11,0.0412463935600737,0.5
12,0.0428039998921848,0.5
13,0.0443110411110876,0.5
14,0.0456335651031443,0.5
15,0.0469169044569315,0.5
16,0.0481307674897905,0.5
17,0.0493160988200035,0.5
18,0.050483698486453,0.5
19,0.0516173617716192,0.5
20,0.052665067241431,0.5
21,0.0536621471014144,0.5
22,0.0546203042112916,0.5
23,0.0555580486945402,0.5
24,0.0566300274058481,0.5
25,0.0576942628773094,0.5
26,0.0587669322176582,0.5
27,0.0598152273598157,0.5
28,0.0608165751345595,0.5
29,0.0618205667034706,0.5
30,0.0628123062302941,0.5
0,0.0,topk-0.1
1,0.0080132549811162,topk-0.1
2,0.0128676022547865,topk-0.1
3,0.0166065914439433,topk-0.1
4,0.0205585273449314,topk-0.1
5,0.0250510242263455,topk-0.1
6,0.0287638943245818,topk-0.1
7,0.0316610854026418,topk-0.1
8,0.033998997337043,topk-0.1
9,0.0360615308932122,topk-0.1
10,0.0378693744631664,topk-0.1
11,0.0394445069453703,topk-0.1
12,0.0408354911053223,topk-0.1
13,0.0421449457970365,topk-0.1
14,0.0433943840681118,topk-0.1
15,0.0445310307238811,topk-0.1
16,0.0455615257066123,topk-0.1
17,0.0465937896943971,topk-0.1
18,0.0475330969735085,topk-0.1
19,0.0484953761826576,topk-0.1
20,0.0494339365321256,topk-0.1
21,0.0503362173131767,topk-0.1
22,0.051416456959661,topk-0.1
23,0.0524696486503565,topk-0.1
24,0.0534909600784894,topk-0.1
25,0.0544587449909122,topk-0.1
26,0.0554125438795382,topk-0.1
27,0.0563437664411718,topk-0.1
28,0.0572430735051322,topk-0.1
29,0.0581538180835154,topk-0.1
30,0.0590342352072614,topk-0.1
0,0.0,topk-0.5
1,0.0080132549811162,topk-0.5
2,0.0130618666997669,topk-0.5
3,0.0174947547215503,topk-0.5
4,0.0212690579670169,topk-0.5
5,0.0256431330780835,topk-0.5
6,0.0292714161975001,topk-0.5
7,0.0322277405117986,topk-0.5
8,0.0350790192485269,topk-0.5
9,0.0374542805130913,topk-0.5
10,0.0394679844606784,topk-0.5
11,0.0411647164426783,topk-0.5
12,0.0426766671413175,topk-0.5
13,0.0440389919502175,topk-0.5
14,0.0453104827854938,topk-0.5
15,0.0465729653869737,topk-0.5
16,0.0478016197375416,topk-0.5
17,0.0489779141659228,topk-0.5
18,0.0501481412419477,topk-0.5
19,0.0512565788243546,topk-0.5
20,0.0523643091716401,topk-0.5
21,0.0534366219354381,topk-0.5
22,0.0545092239050959,topk-0.5
23,0.0555105280014148,topk-0.5
24,0.0565140610232765,topk-0.5
25,0.0574855756737496,topk-0.5
26,0.0584422464872288,topk-0.5
27,0.0593937500873971,topk-0.5
28,0.0603163787727378,topk-0.5
29,0.0611954353425926,topk-0.5
30,0.0621950506259764,topk-0.5
0,0.0,desired-0.1
1,0.0080132549811162,desired-0.1
2,0.0128676022547865,desired-0.1
3,0.0166065914439433,desired-0.1
4,0.0205585273449314,desired-0.1
5,0.0237501543725368,desired-0.1
6,0.0261104381816994,desired-0.1
7,0.0279722363117309,desired-0.1
8,0.029500104330221,desired-0.1
9,0.0318867669503527,desired-0.1
10,0.0339638809463404,desired-0.1
11,0.0358017380248034,desired-0.1
12,0.0375392121717008,desired-0.1
13,0.039077352140447,desired-0.1
14,0.0404416204064267,desired-0.1
15,0.0417636405614467,desired-0.1
16,0.0430331091369779,desired-0.1
17,0.0442259378796676,desired-0.1
18,0.0453352891778058,desired-0.1
19,0.0463822386792205,desired-0.1
20,0.0473446249814507,desired-0.1
21,0.0482546423254672,desired-0.1
22,0.0491066816399829,desired-0.1
23,0.0499508032123376,desired-0.1
24,0.050746646389949,desired-0.1
25,0.051555502311854,desired-0.1
26,0.0523287181716304,desired-0.1
27,0.0530923863213226,desired-0.1
28,0.0538131445828936,desired-0.1
29,0.0545150593128456,desired-0.1
30,0.055211286528519,desired-0.1
0,0.0,desired-0.5
1,0.0080132549811162,desired-0.5
2,0.0130618666997669,desired-0.5
3,0.0174947547215503,desired-0.5
4,0.0212690579670169,desired-0.5
5,0.0256431330780835,desired-0.5
6,0.0292714161975001,desired-0.5
7,0.0320741934792822,desired-0.5
8,0.0344801597313893,desired-0.5
9,0.0364998778599444,desired-0.5
10,0.0382219739061761,desired-0.5
11,0.0400853773648309,desired-0.5
12,0.0417919752965853,desired-0.5
13,0.0433606376620218,desired-0.5
14,0.0447367268495893,desired-0.5
15,0.0460308364405917,desired-0.5
16,0.0472314368256305,desired-0.5
17,0.0484394080824512,desired-0.5
18,0.0495776879270639,desired-0.5
19,0.0506742636583751,desired-0.5
20,0.0517783518061549,desired-0.5
21,0.0528264324400518,desired-0.5
22,0.0538066798468633,desired-0.5
23,0.0547888289353583,desired-0.5
24,0.0557139319592299,desired-0.5
25,0.0566293010297067,desired-0.5
26,0.0575209109206882,desired-0.5
27,0.0584287747200823,desired-0.5
28,0.0593191397437032,desired-0.5
29,0.0602285129862924,desired-0.5
30,0.0610977691403205,desired-0.5
0,0.0,masking-0.1
1,0.0080132549811162,masking-0.1
2,0.0130618666997669,masking-0.1
3,0.0174947547215503,masking-0.1
4,0.0212690579670169,masking-0.1
5,0.0256431330780835,masking-0.1
6,0.0292714161975001,masking-0.1
7,0.0322277405117986,masking-0.1
8,0.034616645982515,masking-0.1
9,0.0366227154859575,masking-0.1
10,0.0383336444752789,masking-0.1
11,0.0399538226291947,masking-0.1
12,0.0417267088697819,masking-0.1
13,0.0433830761499966,masking-0.1
14,0.0449415097795949,masking-0.1
15,0.0463644712310279,masking-0.1
16,0.0476384768317474,masking-0.1
17,0.048860630872681,masking-0.1
18,0.0500370307536133,masking-0.1
19,0.051151023860437,masking-0.1
20,0.0522267436527731,masking-0.1
21,0.0532243046488461,masking-0.1
22,0.0542013185920695,masking-0.1
23,0.0551883883546972,masking-0.1
24,0.0561374531325331,masking-0.1
25,0.0570589690668288,masking-0.1
26,0.0579321532712496,masking-0.1
27,0.058804342098648,masking-0.1
28,0.0596882435500642,masking-0.1
29,0.0605918995984543,masking-0.1
30,0.0615736700396749,masking-0.1
0,0.0,masking-0.5
1,0.0080132549811162,masking-0.5
2,0.0130618666997669,masking-0.5
3,0.0174947547215503,masking-0.5
4,0.0223153670128255,masking-0.5
5,0.0265150572829239,masking-0.5
6,0.0297665560292572,masking-0.5
7,0.0326609878645862,masking-0.5
8,0.0354641280065603,masking-0.5
9,0.0379475942684408,masking-0.5
10,0.0400650093427333,masking-0.5
11,0.0419116802949516,masking-0.5
12,0.0435373370672399,masking-0.5
13,0.044991997059353,masking-0.5
14,0.0463829468191945,masking-0.5
15,0.0476194498157285,masking-0.5
16,0.0487919866510112,masking-0.5
17,0.0499128960835853,masking-0.5
18,0.051022602075593,masking-0.5
19,0.0520417246237083,masking-0.5
20,0.0530424361402059,masking-0.5
21,0.0541865854684006,masking-0.5
22,0.0552809214706617,masking-0.5
23,0.0563487653337925,masking-0.5
24,0.0573718778483073,masking-0.5
25,0.0583968912832251,masking-0.5
26,0.0594337727207653,masking-0.5
27,0.0604833433046681,masking-0.5
28,0.0615273413839604,masking-0.5
29,0.0625212753149007,masking-0.5
30,0.0635202753058545,masking-0.5
0,0.0,topk-desired-masking-0.1
1,0.0080132549811162,topk-desired-masking-0.1
2,0.0130618666997669,topk-desired-masking-0.1
3,0.0174947547215503,topk-desired-masking-0.1
4,0.0223153670128255,topk-desired-masking-0.1
5,0.0265150572829239,topk-desired-masking-0.1
6,0.0300187798016491,topk-desired-masking-0.1
7,0.032881683665429,topk-desired-masking-0.1
8,0.035197928785742,topk-desired-masking-0.1
9,0.0371458700088618,topk-desired-masking-0.1
10,0.0388135003376991,topk-desired-masking-0.1
11,0.0406322839463977,topk-desired-masking-0.1
12,0.0421925907417935,topk-desired-masking-0.1
13,0.043667082912604,topk-desired-masking-0.1
14,0.0451081545067803,topk-desired-masking-0.1
15,0.0464243320228403,topk-desired-masking-0.1
16,0.047694816400512,topk-desired-masking-0.1
17,0.0489093881943314,topk-desired-masking-0.1
18,0.0500672543163862,topk-desired-masking-0.1
19,0.0511598658248592,topk-desired-masking-0.1
20,0.0522521528390841,topk-desired-masking-0.1
21,0.0533328710496354,topk-desired-masking-0.1
22,0.0543900565335036,topk-desired-masking-0.1
23,0.0554007120109739,topk-desired-masking-0.1
24,0.0564197358823919,topk-desired-masking-0.1
25,0.0574130835372207,topk-desired-masking-0.1
26,0.05845893839912,topk-desired-masking-0.1
27,0.0594519472182691,topk-desired-masking-0.1
28,0.0604494715095676,topk-desired-masking-0.1
29,0.0614268163076745,topk-desired-masking-0.1
30,0.0624189408382052,topk-desired-masking-0.1
0,0.0,topk-desired-masking-0.5
1,0.0026437528546426,topk-desired-masking-0.5
2,0.0094821986154512,topk-desired-masking-0.5
3,0.0153355601109004,topk-desired-masking-0.5
4,0.0205880113243056,topk-desired-masking-0.5
5,0.0250755942091574,topk-desired-masking-0.5
6,0.0289309959915741,topk-desired-masking-0.5
7,0.0320778091768838,topk-desired-masking-0.5
8,0.0349457469508249,topk-desired-masking-0.5
9,0.0373161268467591,topk-desired-masking-0.5
10,0.0394735571448436,topk-desired-masking-0.5
11,0.0414085712192197,topk-desired-masking-0.5
12,0.0431245638670337,topk-desired-masking-0.5
13,0.0446834504095616,topk-desired-masking-0.5
14,0.0460949699460558,topk-desired-masking-0.5
15,0.0474161698773191,topk-desired-masking-0.5
16,0.0486006643560376,topk-desired-masking-0.5
17,0.049764911263439,topk-desired-masking-0.5
18,0.0509088892223393,topk-desired-masking-0.5
19,0.0520106133328231,topk-desired-masking-0.5
20,0.053027817763357,topk-desired-masking-0.5
21,0.0540149429255983,topk-desired-masking-0.5
22,0.0549640783984995,topk-desired-masking-0.5
23,0.0559735917130128,topk-desired-masking-0.5
24,0.0571138280294653,topk-desired-masking-0.5
25,0.0582403201949873,topk-desired-masking-0.5
26,0.0593535091073736,topk-desired-masking-0.5
27,0.0604717154650042,topk-desired-masking-0.5
28,0.0615969852111355,topk-desired-masking-0.5
29,0.0627951548240835,topk-desired-masking-0.5
30,0.0639687078506616,topk-desired-masking-0.5
0,0.0,0.1
1,0.0080132549811162,0.1
2,0.0128676022547865,0.1
3,0.0166065914439433,0.1
4,0.0205585273449314,0.1
5,0.0250510242263455,0.1
6,0.0287638943245818,0.1
7,0.0316610854026418,0.1
8,0.033998997337043,0.1
9,0.0359950496419961,0.1
10,0.0377500739579466,0.1
11,0.0393971417607047,0.1
12,0.0408580463894558,0.1
13,0.0421658899894462,0.1
14,0.0433181882740728,0.1
15,0.0444567548203315,0.1
16,0.0455209805623315,0.1
17,0.0465194634615247,0.1
18,0.0475045678247418,0.1
19,0.048414933281373,0.1
20,0.0495022467545151,0.1
21,0.0505571150422005,0.1
22,0.0515873100810318,0.1
23,0.0525828549655185,0.1
24,0.0536095333189595,0.1
25,0.0546437622390777,0.1
26,0.0556261005982307,0.1
27,0.056611379482605,0.1
28,0.0575737784672118,0.1
29,0.0584926917588905,0.1
30,0.0593804266677967,0.1
0,0.0,0.5
1,0.0080132549811162,0.5
2,0.0130618666997669,0.5
3,0.0174947547215503,0.5
4,0.0212690579670169,0.5
5,0.0256431330780835,0.5
6,0.0292714161975001,0.5
7,0.0322277405117986,0.5
8,0.0346317463819532,0.5
9,0.0366310050336313,0.5
10,0.0387195522066239,0.5
11,0.040541490806908,0.5
12,0.042101381939068,0.5
13,0.0435047985481287,0.5
14,0.0448343983644776,0.5
15,0.046091941999298,0.5
16,0.0473488918432586,0.5
17,0.0485826816680366,0.5
18,0.0497737104544765,0.5
19,0.0508673214690613,0.5
20,0.0519085160752783,0.5
21,0.0528999004422022,0.5
22,0.0538574754235853,0.5
23,0.0548028002857037,0.5
24,0.0557531753105393,0.5
25,0.0566510883694673,0.5
26,0.0575610405278665,0.5
27,0.058490651773555,0.5
28,0.0593796533025333,0.5
29,0.0602702975073902,0.5
30,0.061150055788588,0.5
0,0.0,topk-0.1
1,0.0080132549811162,topk-0.1
2,0.0128676022547865,topk-0.1
3,0.0166065914439433,topk-0.1
4,0.0205585273449314,topk-0.1
5,0.0250510242263455,topk-0.1
6,0.0287638943245818,topk-0.1
7,0.0316610854026418,topk-0.1
8,0.033998997337043,topk-0.1
9,0.0359950496419961,topk-0.1
10,0.0378089369620608,topk-0.1
11,0.0393891059026902,topk-0.1
12,0.0408506286743655,topk-0.1
13,0.0421590021111481,topk-0.1
14,0.043407503294616,topk-0.1
15,0.0445433299987287,topk-0.1
16,0.0455629609924898,topk-0.1
17,0.0465967865449806,topk-0.1
18,0.0475468190147616,topk-0.1
19,0.0486766720735208,topk-0.1
20,0.0497515217946559,topk-0.1
21,0.0508303678796911,topk-0.1
22,0.0518802053917702,topk-0.1
23,0.0528928111361958,topk-0.1
24,0.0538867566033639,topk-0.1
25,0.0548741186992825,topk-0.1
26,0.0558125333764874,topk-0.1
27,0.0567294705989442,topk-0.1
28,0.0576154775195332,topk-0.1
29,0.0584722493948541,topk-0.1
30,0.059342394540815,topk-0.1
0,0.0,topk-0.5
1,0.0080132549811162,topk-0.5
2,0.0128676022547865,topk-0.5
3,0.0173490563878149,topk-0.5
4,0.0211524993000286,topk-0.5
5,0.0255460008555932,topk-0.5
6,0.0291881600067942,topk-0.5
7,0.032154891344931,topk-0.5
8,0.0350142644335335,topk-0.5
9,0.0373960011795971,topk-0.5
10,0.0394201844567233,topk-0.5
11,0.0411782453090771,topk-0.5
12,0.0427410938143419,topk-0.5
13,0.0442526283245191,topk-0.5
14,0.0456928693333495,topk-0.5
15,0.047039200552907,topk-0.5
16,0.0483448816607374,topk-0.5
17,0.0495952971454284,topk-0.5
18,0.0507330303804267,topk-0.5
19,0.051778675398714,topk-0.5
20,0.0527712410367078,topk-0.5
21,0.0537634948150877,topk-0.5
22,0.0547172455026312,topk-0.5
23,0.0556863896966159,topk-0.5
24,0.0566563797052302,topk-0.5
25,0.057614636143517,topk-0.5
26,0.0586980552189248,topk-0.5
27,0.0597623087982677,topk-0.5
28,0.0607728956827338,topk-0.5
29,0.061766322823203,topk-0.5
30,0.0627474029208691,topk-0.5
0,0.0,desired-0.1
1,0.0080132549811162,desired-0.1
2,0.0128676022547865,desired-0.1
3,0.0166065914439433,desired-0.1
4,0.0205585273449314,desired-0.1
5,0.0237501543725368,desired-0.1
6,0.0261104381816994,desired-0.1
7,0.0279722363117309,desired-0.1
8,0.0295537647228291,desired-0.1
9,0.0309835682046962,desired-0.1
10,0.0322532528622488,desired-0.1
11,0.0334578030529566,desired-0.1
12,0.0345250809829614,desired-0.1
13,0.0355565606590187,desired-0.1
14,0.0364824561692916,desired-0.1
15,0.0373507521831279,desired-0.1
16,0.038158784278941,desired-0.1
17,0.0389242259087865,desired-0.1
18,0.03964870481027,desired-0.1
19,0.0409799835300615,desired-0.1
20,0.0422422124648312,desired-0.1
21,0.0434118087695997,desired-0.1
22,0.044514954901832,desired-0.1
23,0.0456049567287433,desired-0.1
24,0.0466247368356176,desired-0.1
25,0.0475986192333058,desired-0.1
26,0.048512999272897,desired-0.1
27,0.0493832095771047,desired-0.1
28,0.0502465978965223,desired-0.1
29,0.0510710687034946,desired-0.1
30,0.0518504531318388,desired-0.1
0,0.0,desired-0.5
1,0.0080132549811162,desired-0.5
2,0.0130618666997669,desired-0.5
3,0.0174947547215503,desired-0.5
4,0.0212690579670169,desired-0.5
5,0.0256431330780835,desired-0.5
6,0.0292714161975001,desired-0.5
7,0.0322277405117986,desired-0.5
8,0.034616645982515,desired-0.5
9,0.0366227154859575,desired-0.5
10,0.0383336444752789,desired-0.5
11,0.0401877420531751,desired-0.5
12,0.04177484462793,desired-0.5
13,0.0432560543206703,desired-0.5
14,0.0447071949131227,desired-0.5
15,0.0460653573725404,desired-0.5
16,0.0473915826535758,desired-0.5
17,0.0486274530377412,desired-0.5
18,0.0497881924950319,desired-0.5
19,0.0509146275147847,desired-0.5
20,0.0520072697646402,desired-0.5
21,0.0530449450367878,desired-0.5
22,0.0540887867546263,desired-0.5
23,0.0550679679472154,desired-0.5
24,0.0560604919155052,desired-0.5
25,0.0570642628606045,desired-0.5
26,0.0580142182309285,desired-0.5
27,0.0589716027020321,desired-0.5
28,0.0598863994240989,desired-0.5
29,0.060787112651488,desired-0.5
30,0.0616815962147772,desired-0.5
0,0.0,masking-0.1
1,0.0080132549811162,masking-0.1
2,0.0130618666997669,masking-0.1
3,0.0174947547215503,masking-0.1
4,0.0212690579670169,masking-0.1
5,0.0256431330780835,masking-0.1
6,0.0292714161975001,masking-0.1
7,0.0322277405117986,masking-0.1
8,0.034616645982515,masking-0.1
9,0.0366227154859575,masking-0.1
10,0.0383336444752789,masking-0.1
11,0.0401877420531751,masking-0.1
12,0.0418267831165862,masking-0.1
13,0.0433677248100369,masking-0.1
14,0.0448669593864994,masking-0.1
15,0.0461982115975769,masking-0.1
16,0.0474819971767347,masking-0.1
17,0.0487128445318358,masking-0.1
18,0.0498898672951243,masking-0.1
19,0.0510271860194952,masking-0.1
20,0.0521088028518761,masking-0.1
21,0.0531117247934444,masking-0.1
22,0.0540712571842004,masking-0.1
23,0.0550429218267862,masking-0.1
24,0.0559978052657386,masking-0.1
25,0.0569452285203792,masking-0.1
26,0.0578423820779379,masking-0.1
27,0.0587579177064551,masking-0.1
28,0.0596511772869347,masking-0.1
29,0.0605560688774291,masking-0.1
30,0.061477304138674,masking-0.1
0,0.0,masking-0.5
1,0.0080132549811162,masking-0.5
2,0.0130618666997669,masking-0.5
3,0.0174947547215503,masking-0.5
4,0.0223153670128255,masking-0.5
5,0.0265150572829239,masking-0.5
6,0.0300187798016491,masking-0.5
7,0.032881683665429,masking-0.5
8,0.0356603020517539,masking-0.5
9,0.0381241509091151,masking-0.5
10,0.0402286138791684,masking-0.5
11,0.0420448460816092,masking-0.5
12,0.0436602593318469,masking-0.5
13,0.0451061391622024,masking-0.5
14,0.0464894794485206,masking-0.5
15,0.0478156927956457,masking-0.5
16,0.0490043324219759,masking-0.5
17,0.0501417483137984,masking-0.5
18,0.0511803870318716,masking-0.5
19,0.0521916203321729,masking-0.5
20,0.0531851939577913,masking-0.5
21,0.0543228542942775,masking-0.5
22,0.0554290006690945,masking-0.5
23,0.056490674565624,masking-0.5
24,0.0575081107108656,masking-0.5
25,0.0585278844203003,masking-0.5
26,0.0595599142601711,masking-0.5
27,0.0606674384702764,masking-0.5
28,0.0617854897198733,masking-0.5
29,0.0628947576383943,masking-0.5
30,0.0639557568862221,masking-0.5
0,0.0,topk-desired-masking-0.1
1,0.0080132549811162,topk-desired-masking-0.1
2,0.0130618666997669,topk-desired-masking-0.1
3,0.0174947547215503,topk-desired-masking-0.1
4,0.0223153670128255,topk-desired-masking-0.1
5,0.0265150572829239,topk-desired-masking-0.1
6,0.0297665560292572,topk-desired-masking-0.1
7,0.0326609878645862,topk-desired-masking-0.1
8,0.0350017547405483,topk-desired-masking-0.1
9,0.0371084270891112,topk-desired-masking-0.1
10,0.0389175884977401,topk-desired-masking-0.1
11,0.0404891046497841,topk-desired-masking-0.1
12,0.0419620283330125,topk-desired-masking-0.1
13,0.0432457812988282,topk-desired-masking-0.1
14,0.0444747094996853,topk-desired-masking-0.1
15,0.0456094578705498,topk-desired-masking-0.1
16,0.0466847512626982,topk-desired-masking-0.1
17,0.0476839553314099,topk-desired-masking-0.1
18,0.048648527721003,topk-desired-masking-0.1
19,0.049611163060141,topk-desired-masking-0.1
20,0.050574818832052,topk-desired-masking-0.1
21,0.0515476608697712,topk-desired-masking-0.1
22,0.0524795627927984,topk-desired-masking-0.1
23,0.0533966360743361,topk-desired-masking-0.1
24,0.0542887482939072,topk-desired-masking-0.1
25,0.0551381468809029,topk-desired-masking-0.1
26,0.0560533157887612,topk-desired-masking-0.1
27,0.056925051602999,topk-desired-masking-0.1
28,0.0578081656239032,topk-desired-masking-0.1
29,0.0586972016350425,topk-desired-masking-0.1
30,0.0595686746084019,topk-desired-masking-0.1
0,0.0,topk-desired-masking-0.5
1,0.0026437528546426,topk-desired-masking-0.5
2,0.0094821986154512,topk-desired-masking-0.5
3,0.0153355601109004,topk-desired-masking-0.5
4,0.0205880113243056,topk-desired-masking-0.5
5,0.0250755942091574,topk-desired-masking-0.5
6,0.0289309959915741,topk-desired-masking-0.5
7,0.0320778091768838,topk-desired-masking-0.5
8,0.0349457469508249,topk-desired-masking-0.5
9,0.0374810513182789,topk-desired-masking-0.5
10,0.0396234884825889,topk-desired-masking-0.5
11,0.041493057621705,topk-desired-masking-0.5
12,0.0431509161380892,topk-desired-masking-0.5
13,0.0447079203755416,topk-desired-masking-0.5
14,0.0461178085809705,topk-desired-masking-0.5
15,0.0473708827173936,topk-desired-masking-0.5
16,0.048558041146696,topk-desired-masking-0.5
17,0.049691947551732,topk-desired-masking-0.5
18,0.0508132824138373,topk-desired-masking-0.5
19,0.0518428709450403,topk-desired-masking-0.5
20,0.0528397704770195,topk-desired-masking-0.5
21,0.0537928507309288,topk-desired-masking-0.5
22,0.0547516423862069,topk-desired-masking-0.5
23,0.0556852144622897,topk-desired-masking-0.5
24,0.0566780304966191,topk-desired-masking-0.5
25,0.0576839766588242,topk-desired-masking-0.5
26,0.0586875907376659,topk-desired-masking-0.5
27,0.0597054571384533,topk-desired-masking-0.5
28,0.0608446846116127,topk-desired-masking-0.5
29,0.0619469895196026,topk-desired-masking-0.5
30,0.0630410090251341,topk-desired-masking-0.5
0,0.0,0.1
1,0.0080132549811162,0.1
2,0.0128676022547865,0.1
3,0.0166065914439433,0.1
4,0.0205585273449314,0.1
5,0.0250510242263455,0.1
6,0.0287638943245818,0.1
7,0.0316610854026418,0.1
8,0.033998997337043,0.1
9,0.0359357706564925,0.1
10,0.0376351106625391,0.1
11,0.0392297651281286,0.1
12,0.0407035448824625,0.1
13,0.0420890450580192,0.1
14,0.043342210045029,0.1
15,0.044482117577241,0.1
16,0.0455154898038922,0.1
17,0.0465577475035378,0.1
18,0.0475098346597106,0.1
19,0.0484732769845495,0.1
20,0.0493965523571292,0.1
21,0.0502953361667021,0.1
22,0.0511585640319702,0.1
23,0.0520144561885239,0.1
24,0.0528526720693182,0.1
25,0.0536861824712102,0.1
26,0.0544794804475719,0.1
27,0.0554419822161761,0.1
28,0.0563687820979723,0.1
29,0.0572559291146033,0.1
30,0.0581171103683558,0.1
0,0.0,0.5
1,0.0080132549811162,0.5
2,0.0130618666997669,0.5
3,0.0174947547215503,0.5
4,0.0212690579670169,0.5
5,0.0256431330780835,0.5
6,0.0292714161975001,0.5
7,0.0322277405117986,0.5
8,0.0350790192485269,0.5
9,0.0374542805130913,0.5
10,0.0394679844606784,0.5
11,0.041227553706458,0.5
12,0.0429024606334096,0.5
13,0.0444024689422248,0.5
14,0.0458327205765415,0.5
15,0.0471703110933995,0.5
16,0.048369267853525,0.5
17,0.0495226734508157,0.5
18,0.0505757424430052,0.5
19,0.0516292518581636,0.5
20,0.052676391133378,0.5
21,0.0536729562710002,0.5
22,0.054681806105619,0.5
23,0.0556594737117259,0.5
24,0.0566406200987183,0.5
25,0.0576057068039222,0.5
26,0.05854337299001,0.5
27,0.0594332746345511,0.5
28,0.0603117219372059,0.5
29,0.0611909337349118,0.5
30,0.0621906942314466,0.5
0,0.0,topk-0.1
1,0.0080132549811162,topk-0.1
2,0.0128676022547865,topk-0.1
3,0.0166065914439433,topk-0.1
4,0.0205585273449314,topk-0.1
5,0.0250510242263455,topk-0.1
6,0.0287638943245818,topk-0.1
7,0.0316610854026418,topk-0.1
8,0.033998997337043,topk-0.1
9,0.0359950496419961,topk-0.1
10,0.0378089369620608,topk-0.1
11,0.0393891059026902,topk-0.1
12,0.0408506286743655,topk-0.1
13,0.0421590021111481,topk-0.1
14,0.043407503294616,topk-0.1
15,0.0446276579373823,topk-0.1
16,0.0457321830298882,topk-0.1
17,0.0467333041475701,topk-0.1
18,0.0479190883442686,topk-0.1
19,0.0490390239231269,topk-0.1
20,0.0500966187942807,topk-0.1
21,0.0511244701710677,topk-0.1
22,0.052116251099513,topk-0.1
23,0.0531195944716999,topk-0.1
24,0.0541149080669791,topk-0.1
25,0.0550934951066048,topk-0.1
26,0.0560468334996457,topk-0.1
27,0.0569509277238431,topk-0.1
28,0.0578675137207598,topk-0.1
29,0.0587522441311848,topk-0.1
30,0.0596104251206363,topk-0.1
0,0.0,topk-0.5
1,0.0080132549811162,topk-0.5
2,0.0130618666997669,topk-0.5
3,0.0174947547215503,topk-0.5
4,0.0212690579670169,topk-0.5
5,0.0256431330780835,topk-0.5
6,0.0292714161975001,topk-0.5
7,0.0322277405117986,topk-0.5
8,0.0346049425048472,topk-0.5
9,0.036606881544236,topk-0.5
10,0.038697621761719,topk-0.5
11,0.0405213878990786,topk-0.5
12,0.0421347638974201,topk-0.5
13,0.0435357960808842,topk-0.5
14,0.0448812985211548,topk-0.5
15,0.0462116545363164,topk-0.5
16,0.0474670028586233,topk-0.5
17,0.048604556241689,topk-0.5
18,0.0497059471922535,topk-0.5
19,0.0508029463699495,topk-0.5
20,0.0518419752950274,topk-0.5
21,0.0528378843611985,topk-0.5
22,0.0538137970409622,topk-0.5
23,0.054777971444731,topk-0.5
24,0.0556865144412686,topk-0.5
25,0.0565706396160159,topk-0.5
26,0.0574675396758103,topk-0.5
27,0.058373141629637,topk-0.5
28,0.0592980247852997,topk-0.5
29,0.0602110264880691,topk-0.5
30,0.0610870531094362,topk-0.5
0,0.0,desired-0.1
1,0.0080132549811162,desired-0.1
2,0.0128676022547865,desired-0.1
3,0.0166065914439433,desired-0.1
4,0.0205585273449314,desired-0.1
5,0.0237501543725368,desired-0.1
6,0.026133580197043,desired-0.1
7,0.0279924855751566,desired-0.1
8,0.0295717640680964,desired-0.1
9,0.0309102214638869,desired-0.1
10,0.0321550554180449,desired-0.1
11,0.0332461335860962,desired-0.1
12,0.0342549920016825,desired-0.1
13,0.0352336108044566,desired-0.1
14,0.0361107872762596,desired-0.1
15,0.0369913458664655,desired-0.1
16,0.0378102959411768,desired-0.1
17,0.0392731838048191,desired-0.1
18,0.0406307137281709,desired-0.1
19,0.0419128920020674,desired-0.1
20,0.0431404068187476,desired-0.1
21,0.0442714286746399,desired-0.1
22,0.045357512942454,desired-0.1
23,0.0463733626883467,desired-0.1
24,0.047341206624604,desired-0.1
25,0.0483074896316387,desired-0.1
26,0.0492131754574732,desired-0.1
27,0.0500835768013564,desired-0.1
28,0.0509175423923962,desired-0.1
29,0.0517177115474248,desired-0.1
30,0.0524842972494023,desired-0.1
0,0.0,desired-0.5
1,0.0080132549811162,desired-0.5
2,0.0128676022547865,desired-0.5
3,0.0173490563878149,desired-0.5
4,0.0211524993000286,desired-0.5
5,0.0255460008555932,desired-0.5
6,0.0291881600067942,desired-0.5
7,0.032154891344931,desired-0.5
8,0.0345669915669597,desired-0.5
9,0.0365780265119578,desired-0.5
10,0.0386897985389838,desired-0.5
11,0.0405142166115713,desired-0.5
12,0.0421281442474134,desired-0.5
13,0.0435296492630209,desired-0.5
14,0.044875561491149,desired-0.5
15,0.0461628436539376,desired-0.5
16,0.0473919631792314,desired-0.5
17,0.0485716209349276,desired-0.5
18,0.0497632318652154,desired-0.5
19,0.0508909149164589,desired-0.5
20,0.0519846863376633,desired-0.5
21,0.0530022079514716,desired-0.5
22,0.054018635778171,desired-0.5
23,0.0549727041385692,desired-0.5
24,0.0558904521543123,desired-0.5
25,0.0568236450147678,desired-0.5
26,0.0577315560905238,desired-0.5
27,0.0586550774946888,desired-0.5
28,0.0595702387239704,desired-0.5
29,0.0604472308658916,desired-0.5
30,0.0613526783577485,desired-0.5
0,0.0,masking-0.1
1,0.0080132549811162,masking-0.1
2,0.0130618666997669,masking-0.1
3,0.0174947547215503,masking-0.1
4,0.0212690579670169,masking-0.1
5,0.0256431330780835,masking-0.1
6,0.0292714161975001,masking-0.1
7,0.0322277405117986,masking-0.1
8,0.034616645982515,masking-0.1
9,0.0366227154859575,masking-0.1
10,0.0383336444752789,masking-0.1
11,0.0401877420531751,masking-0.1
12,0.0419000962716399,masking-0.1
13,0.0434358013111582,masking-0.1
14,0.0447879700694106,masking-0.1
15,0.0461241591128061,masking-0.1
16,0.0474123007204798,masking-0.1
17,0.0486470201009284,masking-0.1
18,0.0498067297127882,masking-0.1
19,0.0508985643092936,masking-0.1
20,0.0519644295363575,masking-0.1
21,0.05295477250065,masking-0.1
22,0.0539211289041362,masking-0.1
23,0.0548990488917247,masking-0.1
24,0.0558596872480796,masking-0.1
25,0.0567918864856235,masking-0.1
26,0.0577186819963944,masking-0.1
27,0.0585984947978949,masking-0.1
28,0.0594894944320956,masking-0.1
29,0.0603997754510847,masking-0.1
30,0.0613260524357601,masking-0.1
0,0.0,masking-0.5
1,0.0080132549811162,masking-0.5
2,0.0130618666997669,masking-0.5
3,0.0174947547215503,masking-0.5
4,0.0223153670128255,masking-0.5
5,0.0265150572829239,masking-0.5
6,0.030164821483374,masking-0.5
7,0.033361142027558,masking-0.5
8,0.0360864872625353,masking-0.5
9,0.0383633600627682,masking-0.5
10,0.0402954727171631,masking-0.5
11,0.042106133349771,masking-0.5
12,0.0437168321947655,masking-0.5
13,0.0451586711063411,masking-0.5
14,0.04653850926305,masking-0.5
15,0.0477652896068431,masking-0.5
16,0.0489568941266323,masking-0.5
17,0.0501013504912228,masking-0.5
18,0.0511476364056666,masking-0.5
19,0.0521605072372781,masking-0.5
20,0.0533217085292161,masking-0.5
21,0.0544683509489386,masking-0.5
22,0.0555642348446397,masking-0.5
23,0.0566420618673377,masking-0.5
24,0.057695751955868,masking-0.5
25,0.0587083086943411,masking-0.5
26,0.0597336561536919,masking-0.5
27,0.0607537990130614,masking-0.5
28,0.0617884710334437,masking-0.5
29,0.0628976395748457,masking-0.5
30,0.0640088442306285,masking-0.5
0,0.0,topk-desired-masking-0.1
1,0.0080132549811162,topk-desired-masking-0.1
2,0.0130618666997669,topk-desired-masking-0.1
3,0.0174947547215503,topk-desired-masking-0.1
4,0.0223153670128255,topk-desired-masking-0.1
5,0.0265150572829239,topk-desired-masking-0.1
6,0.0297665560292572,topk-desired-masking-0.1
7,0.0326609878645862,topk-desired-masking-0.1
8,0.0354641280065603,topk-desired-masking-0.1
9,0.0378032367323907,topk-desired-masking-0.1
10,0.0398036260121046,topk-desired-masking-0.1
11,0.0416720789085419,topk-desired-masking-0.1
12,0.0433982509229945,topk-desired-masking-0.1
13,0.0449352223422655,topk-desired-masking-0.1
14,0.0462866038350227,topk-desired-masking-0.1
15,0.0475844572475543,topk-desired-masking-0.1
16,0.0487866989649487,topk-desired-masking-0.1
17,0.0499406106162994,topk-desired-masking-0.1
18,0.0510261502578662,topk-desired-masking-0.1
19,0.0520906873894773,topk-desired-masking-0.1
20,0.053127326788157,topk-desired-masking-0.1
21,0.0541713018485141,topk-desired-masking-0.1
22,0.0551920338193875,topk-desired-masking-0.1
23,0.0562200116775095,topk-desired-masking-0.1
24,0.0572062635622661,topk-desired-masking-0.1
25,0.0581424683030526,topk-desired-masking-0.1
26,0.0591018450882476,topk-desired-masking-0.1
27,0.0600464816668727,topk-desired-masking-0.1
28,0.0609454017432312,topk-desired-masking-0.1
29,0.0618551372193191,topk-desired-masking-0.1
30,0.0627516604688577,topk-desired-masking-0.1
0,0.0,topk-desired-masking-0.5
1,0.0026437528546426,topk-desired-masking-0.5
2,0.0094821986154512,topk-desired-masking-0.5
3,0.0153355601109004,topk-desired-masking-0.5
4,0.0205880113243056,topk-desired-masking-0.5
5,0.0250755942091574,topk-desired-masking-0.5
6,0.0289309959915741,topk-desired-masking-0.5
7,0.0320778091768838,topk-desired-masking-0.5
8,0.0349457469508249,topk-desired-masking-0.5
9,0.0374810513182789,topk-desired-masking-0.5
10,0.0396234884825889,topk-desired-masking-0.5
11,0.041493057621705,topk-desired-masking-0.5
12,0.043218184932068,topk-desired-masking-0.5
13,0.0447703842556649,topk-desired-masking-0.5
14,0.0462058774163649,topk-desired-masking-0.5
15,0.0474832987585602,topk-desired-masking-0.5
16,0.0486638444795587,topk-desired-masking-0.5
17,0.0497918729216579,topk-desired-masking-0.5
18,0.0508209227921783,topk-desired-masking-0.5
19,0.0518501293044642,topk-desired-masking-0.5
20,0.0528302632960921,topk-desired-masking-0.5
21,0.0538210776969924,topk-desired-masking-0.5
22,0.0547854992340916,topk-desired-masking-0.5
23,0.0557568244613385,topk-desired-masking-0.5
24,0.0567273199089333,topk-desired-masking-0.5
25,0.0576918102173433,topk-desired-masking-0.5
26,0.0586716521104217,topk-desired-masking-0.5
27,0.0596199365175332,topk-desired-masking-0.5
28,0.060622836089162,topk-desired-masking-0.5
29,0.0617452046285289,topk-desired-masking-0.5
30,0.062845733324095,topk-desired-masking-0.5
0,0.0,0.1
1,0.0080132549811162,0.1
2,0.0128676022547865,0.1
3,0.0166065914439433,0.1
4,0.0205585273449314,0.1
5,0.0250510242263455,0.1
6,0.0287638943245818,0.1
7,0.0316610854026418,0.1
8,0.033998997337043,0.1
9,0.0360615308932122,0.1
10,0.0378693744631664,0.1
11,0.0394445069453703,0.1
12,0.0409017680983779,0.1
13,0.0422064887191596,0.1
14,0.0434719434841075,0.1
15,0.0446880706150305,0.1
16,0.045789042020616,0.1
17,0.046822728070468,0.1
18,0.047767152732227,0.1
19,0.0487238862919817,0.1
20,0.0496334156756467,0.1
21,0.0505270386298779,0.1
22,0.051385331101102,0.1
23,0.0524294674980583,0.1
24,0.0534995644977987,0.1
25,0.0545476847661384,0.1
26,0.0555398906659177,0.1
27,0.0565077735748939,0.1
28,0.0574323294938756,0.1
29,0.0583559577513322,0.1
30,0.0592481034346757,0.1
0,0.0,0.5
1,0.0080132549811162,0.5
2,0.0130618666997669,0.5
3,0.0174947547215503,0.5
4,0.0212690579670169,0.5
5,0.0256431330780835,0.5
6,0.0292714161975001,0.5
7,0.0322277405117986,0.5
8,0.0350790192485269,0.5
9,0.0374542805130913,0.5
10,0.0394679844606784,0.5
11,0.041227553706458,0.5
12,0.0428599224131318,0.5
13,0.0442803604827179,0.5
14,0.0456027830236933,0.5
15,0.0469136769756651,0.5
16,0.0481277298603632,0.5
17,0.0492945542350518,0.5
18,0.0504481160442803,0.5
19,0.0515415548865707,0.5
20,0.052552100675256,0.5
21,0.0535403532934809,0.5
22,0.0544935002704964,0.5
23,0.0554524503454704,0.5
24,0.0563754880638637,0.5
25,0.0573053603472333,0.5
26,0.0582305803913419,0.5
27,0.0591089308910425,0.5
28,0.0600084420032085,0.5
29,0.0608977631320476,0.5
30,0.0619069807448038,0.5
0,0.0,topk-0.1
1,0.0080132549811162,topk-0.1
2,0.0128676022547865,topk-0.1
3,0.0166065914439433,topk-0.1
4,0.0205585273449314,topk-0.1
5,0.0250510242263455,topk-0.1
6,0.0287638943245818,topk-0.1
7,0.0316610854026418,topk-0.1
8,0.033998997337043,topk-0.1
9,0.0360615308932122,topk-0.1
10,0.0378693744631664,topk-0.1
11,0.0395065005571561,topk-0.1
12,0.0409589929707956,topk-0.1
13,0.0422596261006903,topk-0.1
14,0.0435215383735361,topk-0.1
15,0.0447345658238699,topk-0.1
16,0.0461294325181952,topk-0.1
17,0.0473881835200111,topk-0.1
18,0.0485395003813181,topk-0.1
19,0.0496197193717494,topk-0.1
20,0.0506496620786831,topk-0.1
21,0.0516876836053535,topk-0.1
22,0.0527091638478301,topk-0.1
23,0.0537580450187936,topk-0.1
24,0.0547749989177046,topk-0.1
25,0.0557740640160479,topk-0.1
26,0.0567240223237724,topk-0.1
27,0.0576603781804555,topk-0.1
28,0.0585525292324954,topk-0.1
29,0.0594177839057732,topk-0.1
30,0.0602795243589863,topk-0.1
0,0.0,topk-0.5
1,0.0080132549811162,topk-0.5
2,0.0130618666997669,topk-0.5
3,0.0174947547215503,topk-0.5
4,0.0212690579670169,topk-0.5
5,0.0256431330780835,topk-0.5
6,0.0292714161975001,topk-0.5
7,0.0325794124024183,topk-0.5
8,0.0353916164846334,topk-0.5
9,0.0377127254285888,topk-0.5
10,0.039702934383858,topk-0.5
11,0.0414429244693726,topk-0.5
12,0.0430587261942838,topk-0.5
13,0.0445116719536132,topk-0.5
14,0.0459346433871707,topk-0.5
15,0.0472955339881302,topk-0.5
16,0.048589034177407,topk-0.5
17,0.0497583794769151,topk-0.5
18,0.0508875294313088,topk-0.5
19,0.051925449497052,topk-0.5
20,0.0529552963770695,topk-0.5
21,0.0539412251371537,topk-0.5
22,0.0548843150462734,topk-0.5
23,0.0558133207440345,topk-0.5
24,0.0567255579879641,topk-0.5
25,0.0576324934360038,topk-0.5
26,0.05852198941711,topk-0.5
27,0.0594283258317757,topk-0.5
28,0.0603497622500689,topk-0.5
29,0.061227706037346,topk-0.5
30,0.0622262803305765,topk-0.5
0,0.0,desired-0.1
1,0.0080132549811162,desired-0.1
2,0.0128676022547865,desired-0.1
3,0.0166065914439433,desired-0.1
4,0.0205585273449314,desired-0.1
5,0.0237501543725368,desired-0.1
6,0.0261104381816994,desired-0.1
7,0.0279722363117309,desired-0.1
8,0.0295537647228291,desired-0.1
9,0.0309835682046962,desired-0.1
10,0.0322532528622488,desired-0.1
11,0.033363129982119,desired-0.1
12,0.0352765460107634,desired-0.1
13,0.0370388772785863,desired-0.1
14,0.0386003620330659,desired-0.1
15,0.0400161532519949,desired-0.1
16,0.0413884151986703,desired-0.1
17,0.0426525186591185,desired-0.1
18,0.0437992612558762,desired-0.1
19,0.0448775063258074,desired-0.1
20,0.0458898215433781,desired-0.1
21,0.0468470213782742,desired-0.1
22,0.0477509027196224,desired-0.1
23,0.0486039068338259,desired-0.1
24,0.0494493075970029,desired-0.1
25,0.0502762067615398,desired-0.1
26,0.0510598990157949,desired-0.1
27,0.0518317520527452,desired-0.1
28,0.052566709239152,desired-0.1
29,0.0533170025625789,desired-0.1
30,0.054036930228542,desired-0.1
0,0.0,desired-0.5
1,0.0080132549811162,desired-0.5
2,0.0130618666997669,desired-0.5
3,0.0174947547215503,desired-0.5
4,0.0212690579670169,desired-0.5
5,0.0256431330780835,desired-0.5
6,0.0292714161975001,desired-0.5
7,0.0322277405117986,desired-0.5
8,0.034616645982515,desired-0.5
9,0.0366227154859575,desired-0.5
10,0.0387304248789836,desired-0.5
11,0.0405514574232377,desired-0.5
12,0.0421954104801832,desired-0.5
13,0.043670721162203,desired-0.5
14,0.0450719926916398,desired-0.5
15,0.0464551923556022,desired-0.5
16,0.0477627378327422,desired-0.5
17,0.0489411923669456,desired-0.5
18,0.0501133521692324,desired-0.5
19,0.0511899810980795,desired-0.5
20,0.0522172684957406,desired-0.5
21,0.053241902816241,desired-0.5
22,0.0542087550361751,desired-0.5
23,0.0551693681435325,desired-0.5
24,0.0561374035193293,desired-0.5
25,0.0570924739547303,desired-0.5
26,0.0580639979838066,desired-0.5
27,0.0590032788102428,desired-0.5
28,0.0598964118625451,desired-0.5
29,0.0607698307820682,desired-0.5
30,0.0616516251090671,desired-0.5
0,0.0,masking-0.1
1,0.0080132549811162,masking-0.1
2,0.0130618666997669,masking-0.1
3,0.0174947547215503,masking-0.1
4,0.0212690579670169,masking-0.1
5,0.0256431330780835,masking-0.1
6,0.0292714161975001,masking-0.1
7,0.0320741934792822,masking-0.1
8,0.0347842285752299,masking-0.1
9,0.0370424150996456,masking-0.1
10,0.0391119699823364,masking-0.1
11,0.0410380608812543,masking-0.1
12,0.0427275441793754,masking-0.1
13,0.0443124232231906,masking-0.1
14,0.0457053246572195,masking-0.1
15,0.0470395080183638,masking-0.1
16,0.0482738055727694,masking-0.1
17,0.0494606635725352,masking-0.1
18,0.0506054827850541,masking-0.1
19,0.05165750518311,masking-0.1
20,0.052662529529103,masking-0.1
21,0.0536211406755435,masking-0.1
22,0.0545919687473799,masking-0.1
23,0.0555457236984371,masking-0.1
24,0.0564703895977983,masking-0.1
25,0.0574029403559828,masking-0.1
26,0.0582863357418845,masking-0.1
27,0.0591668629405216,masking-0.1
28,0.0600382636732525,masking-0.1
29,0.0609265907464234,masking-0.1
30,0.0618358736893138,masking-0.1
0,0.0,masking-0.5
1,0.0080132549811162,masking-0.5
2,0.0130618666997669,masking-0.5
3,0.0174947547215503,masking-0.5
4,0.0223153670128255,masking-0.5
5,0.0265150572829239,masking-0.5
6,0.0300187798016491,masking-0.5
7,0.0332333555560487,masking-0.5
8,0.0359728992878603,masking-0.5
9,0.0384054884216108,masking-0.5
10,0.0404843752541645,masking-0.5
11,0.0422960990470968,masking-0.5
12,0.0438921851461432,masking-0.5
13,0.0453962415973061,masking-0.5
14,0.046760241721284,masking-0.5
15,0.0479731637864375,masking-0.5
16,0.0491273397703556,masking-0.5
17,0.050173595444974,masking-0.5
18,0.0512105579982485,masking-0.5
19,0.0522202827502309,masking-0.5
20,0.0533786375891712,masking-0.5
21,0.0545074833853607,masking-0.5
22,0.0556056024083914,masking-0.5
23,0.0566599178991168,masking-0.5
24,0.0576705843110187,masking-0.5
25,0.0586745508607478,masking-0.5
26,0.0596870544585436,masking-0.5
27,0.060651893328675,masking-0.5
28,0.0616378868232061,masking-0.5
29,0.0626278856607141,masking-0.5
30,0.0636713582885382,masking-0.5
0,0.0,topk-desired-masking-0.1
1,0.0080132549811162,topk-desired-masking-0.1
2,0.0130618666997669,topk-desired-masking-0.1
3,0.0174947547215503,topk-desired-masking-0.1
4,0.0223153670128255,topk-desired-masking-0.1
5,0.0265150572829239,topk-desired-masking-0.1
6,0.0300187798016491,topk-desired-masking-0.1
7,0.032881683665429,topk-desired-masking-0.1
8,0.0356603020517539,topk-desired-masking-0.1
9,0.0379774350359956,topk-desired-masking-0.1
10,0.0399619881062909,topk-desired-masking-0.1
11,0.0417689722293952,topk-desired-masking-0.1
12,0.0433631809207519,topk-desired-masking-0.1
13,0.044754059507351,topk-desired-masking-0.1
14,0.0460183443858571,topk-desired-masking-0.1
15,0.0472776350344748,topk-desired-masking-0.1
16,0.0484979251173445,topk-desired-masking-0.1
17,0.0496678797602288,topk-desired-masking-0.1
18,0.0507677736573783,topk-desired-masking-0.1
19,0.0518253591988017,topk-desired-masking-0.1
20,0.0528859560523627,topk-desired-masking-0.1
21,0.0539442105525778,topk-desired-masking-0.1
22,0.054994440626208,topk-desired-masking-0.1
23,0.0560550735719515,topk-desired-masking-0.1
24,0.0570717186499483,topk-desired-masking-0.1
25,0.0580748498330934,topk-desired-masking-0.1
26,0.0590580374799936,topk-desired-masking-0.1
27,0.0600197237598534,topk-desired-masking-0.1
28,0.0609897993987346,topk-desired-masking-0.1
29,0.0619138910991406,topk-desired-masking-0.1
30,0.0628159134533168,topk-desired-masking-0.1
0,0.0,topk-desired-masking-0.5
1,0.0026437528546426,topk-desired-masking-0.5
2,0.0094821986154512,topk-desired-masking-0.5
3,0.0153355601109004,topk-desired-masking-0.5
4,0.0205880113243056,topk-desired-masking-0.5
5,0.0250755942091574,topk-desired-masking-0.5
6,0.0289309959915741,topk-desired-masking-0.5
7,0.0320778091768838,topk-desired-masking-0.5
8,0.0349457469508249,topk-desired-masking-0.5
9,0.0373161268467591,topk-desired-masking-0.5
10,0.0394735571448436,topk-desired-masking-0.5
11,0.0414085712192197,topk-desired-masking-0.5
12,0.0431401974836201,topk-desired-masking-0.5
13,0.0446979673392489,topk-desired-masking-0.5
14,0.0461455882495551,topk-desired-masking-0.5
15,0.0474962827348206,topk-desired-masking-0.5
16,0.0487414254576299,topk-desired-masking-0.5
17,0.0498651438453919,topk-desired-masking-0.5
18,0.050977363113094,topk-desired-masking-0.5
19,0.0522340629579866,topk-desired-masking-0.5
20,0.0534653958868025,topk-desired-masking-0.5
21,0.0546470413318131,topk-desired-masking-0.5
22,0.0558222926908156,topk-desired-masking-0.5
23,0.0570382099425956,topk-desired-masking-0.5
24,0.0581771886904682,topk-desired-masking-0.5
25,0.0592798177905618,topk-desired-masking-0.5
26,0.0603713664017123,topk-desired-masking-0.5
27,0.0614695582306423,topk-desired-masking-0.5
28,0.0625604196055447,topk-desired-masking-0.5
29,0.0637264747386791,topk-desired-masking-0.5
30,0.064869985187367,topk-desired-masking-0.5
0,0.0,0.1
1,0.0080132549811162,0.1
2,0.0128676022547865,0.1
3,0.0166065914439433,0.1
4,0.0205585273449314,0.1
5,0.0250510242263455,0.1
6,0.0287638943245818,0.1
7,0.0316610854026418,0.1
8,0.033998997337043,0.1
9,0.0359950496419961,0.1
10,0.0378089369620608,0.1
11,0.0393891059026902,0.1
12,0.0407843516813099,0.1
13,0.042097459189025,0.1
14,0.0433500632339678,0.1
15,0.0444753864526609,0.1
16,0.0455091546278168,0.1
17,0.0465517642816889,0.1
18,0.0475394362741843,0.1
19,0.0485357977811911,0.1
20,0.0494984895001645,0.1
21,0.0504415061495351,0.1
22,0.051564617496755,0.1
23,0.0526489113770126,0.1
24,0.0537078379262436,0.1
25,0.0547020815097437,0.1
26,0.0556699167026684,0.1
27,0.0565899028907334,0.1
28,0.0574771193009931,0.1
29,0.0583733984978035,0.1
30,0.0592314789625669,0.1
0,0.0,0.5
1,0.0080132549811162,0.5
2,0.0130618666997669,0.5
3,0.0174947547215503,0.5
4,0.0212690579670169,0.5
5,0.0256431330780835,0.5
6,0.0292714161975001,0.5
7,0.0322277405117986,0.5
8,0.0346317463819532,0.5
9,0.0370517349331749,0.5
10,0.0391020339334817,0.5
11,0.0408920990565277,0.5
12,0.0425502719670423,0.5
13,0.0441478133117385,0.5
14,0.0455516887398641,0.5
15,0.0468401453663564,0.5
16,0.0480585236398374,0.5
17,0.0492528894759165,0.5
18,0.0504086441672049,0.5
19,0.0514705084961533,0.5
20,0.0524777487485547,0.5
21,0.053443258903057,0.5
22,0.0543772096035333,0.5
23,0.0553167987775467,0.5
24,0.0562707606917766,0.5
25,0.0571719782779943,0.5
26,0.0580669881217789,0.5
27,0.0589553491639912,0.5
28,0.0598340434752231,0.5
29,0.0607291778883284,0.5
30,0.0615858735624612,0.5
0,0.0,topk-0.1
1,0.0080132549811162,topk-0.1
2,0.0128676022547865,topk-0.1
3,0.0166065914439433,topk-0.1
4,0.0205585273449314,topk-0.1
5,0.0250510242263455,topk-0.1
6,0.0287638943245818,topk-0.1
7,0.0316610854026418,topk-0.1
8,0.033998997337043,topk-0.1
9,0.0360615308932122,topk-0.1
10,0.0378693744631664,topk-0.1
11,0.0394445069453703,topk-0.1
12,0.0408354911053223,topk-0.1
13,0.0420477016521256,topk-0.1
14,0.0432078791592402,topk-0.1
15,0.0443304421835154,topk-0.1
16,0.0453991912891624,topk-0.1
17,0.0464674490528689,topk-0.1
18,0.0474517759604876,topk-0.1
19,0.0483824991334535,topk-0.1
20,0.0493264345805027,topk-0.1
21,0.0502336018139003,topk-0.1
22,0.0513183030038314,topk-0.1
23,0.0523755844426864,topk-0.1
24,0.0534006584391261,topk-0.1
25,0.0544067166182846,topk-0.1
26,0.0553854912516336,topk-0.1
27,0.0563261794404291,topk-0.1
28,0.0572976004523508,topk-0.1
29,0.0582361967649619,topk-0.1
30,0.0591361684406041,topk-0.1
0,0.0,topk-0.5
1,0.0080132549811162,topk-0.5
2,0.0130618666997669,topk-0.5
3,0.0174947547215503,topk-0.5
4,0.0212690579670169,topk-0.5
5,0.0256431330780835,topk-0.5
6,0.0292714161975001,topk-0.5
7,0.0322277405117986,topk-0.5
8,0.0350790192485269,topk-0.5
9,0.0374542805130913,topk-0.5
10,0.0394679844606784,topk-0.5
11,0.041227553706458,topk-0.5
12,0.0427866092580781,topk-0.5
13,0.0442196914559625,topk-0.5
14,0.0456221269930021,topk-0.5
15,0.0469728796088312,topk-0.5
16,0.0482552762502829,topk-0.5
17,0.0495106698133325,topk-0.5
18,0.0506528571184411,topk-0.5
19,0.0517559045230922,topk-0.5
20,0.0528448984635881,topk-0.5
21,0.0538816635169351,topk-0.5
22,0.054870606245482,topk-0.5
23,0.0558325345727288,topk-0.5
24,0.0568078071966613,topk-0.5
25,0.0577286873611985,topk-0.5
26,0.0586030783500497,topk-0.5
27,0.0594954739592316,topk-0.5
28,0.0605108102708356,topk-0.5
29,0.0615427031389998,topk-0.5
30,0.0625603433366419,topk-0.5
0,0.0,desired-0.1
1,0.0080132549811162,desired-0.1
2,0.0128676022547865,desired-0.1
3,0.0166065914439433,desired-0.1
4,0.0205585273449314,desired-0.1
5,0.0237501543725368,desired-0.1
6,0.0276488630213172,desired-0.1
7,0.0306854330122853,desired-0.1
8,0.0331204745522912,desired-0.1
9,0.0351451001502158,desired-0.1
10,0.0369163192931967,desired-0.1
11,0.0385708730395647,desired-0.1
12,0.0400953368007112,desired-0.1
13,0.0414508964388138,desired-0.1
14,0.0427398244855553,desired-0.1
15,0.0438968993012037,desired-0.1
16,0.0449646961323277,desired-0.1
17,0.0459783674854133,desired-0.1
18,0.0470078162301492,desired-0.1
19,0.048040831555888,desired-0.1
20,0.0490223328235336,desired-0.1
21,0.0499323946480711,desired-0.1
22,0.0507982864510529,desired-0.1
23,0.0516125779344726,desired-0.1
24,0.0524230502517803,desired-0.1
25,0.0531919018691339,desired-0.1
26,0.0539346913379655,desired-0.1
27,0.0546358156292908,desired-0.1
28,0.0553335362120348,desired-0.1
29,0.0560528065611814,desired-0.1
30,0.0567477624862803,desired-0.1
0,0.0,desired-0.5
1,0.0080132549811162,desired-0.5
2,0.0128676022547865,desired-0.5
3,0.0173490563878149,desired-0.5
4,0.0211524993000286,desired-0.5
5,0.0255460008555932,desired-0.5
6,0.0291881600067942,desired-0.5
7,0.032154891344931,desired-0.5
8,0.0345669915669597,desired-0.5
9,0.0365780265119578,desired-0.5
10,0.0382930181352791,desired-0.5
11,0.0401505012415086,desired-0.5
12,0.0417924069827402,desired-0.5
13,0.0433208885724026,desired-0.5
14,0.0446627490537999,desired-0.5
15,0.0459633319939227,desired-0.5
16,0.0472007575529719,desired-0.5
17,0.0483910378434603,desired-0.5
18,0.049478249996507,desired-0.5
19,0.0505866340339904,desired-0.5
20,0.0516426522442271,desired-0.5
21,0.0527019115400654,desired-0.5
22,0.0537127060960531,desired-0.5
23,0.0547307528692253,desired-0.5
24,0.0557490480899177,desired-0.5
25,0.0567536147090067,desired-0.5
26,0.0577428998225358,desired-0.5
27,0.0586807150970618,desired-0.5
28,0.059577420123383,desired-0.5
29,0.0604712364094592,desired-0.5
30,0.0613459897774272,desired-0.5
0,0.0,masking-0.1
1,0.0080132549811162,masking-0.1
2,0.0130618666997669,masking-0.1
3,0.0174947547215503,masking-0.1
4,0.0212690579670169,masking-0.1
5,0.0256431330780835,masking-0.1
6,0.0292714161975001,masking-0.1
7,0.0322277405117986,masking-0.1
8,0.034616645982515,masking-0.1
9,0.0366227154859575,masking-0.1
10,0.0383336444752789,masking-0.1
11,0.0399116882707949,masking-0.1
12,0.0416452773955966,masking-0.1
13,0.0433074612096818,masking-0.1
14,0.0448107133595013,masking-0.1
15,0.0461454809472662,masking-0.1
16,0.0474323683293835,masking-0.1
17,0.048661520571599,masking-0.1
18,0.0498483999420619,masking-0.1
19,0.0509718245894631,masking-0.1
20,0.0520095003922964,masking-0.1
21,0.052997794681319,masking-0.1
22,0.0539957247529044,masking-0.1
23,0.0549743232037313,masking-0.1
24,0.0559319505876059,masking-0.1
25,0.0568819067144824,masking-0.1
26,0.057838422612822,masking-0.1
27,0.058745814685854,masking-0.1
28,0.059672022505989,masking-0.1
29,0.0605762192558483,masking-0.1
30,0.0614968045048862,masking-0.1
0,0.0,masking-0.5
1,0.0080132549811162,masking-0.5
2,0.0130618666997669,masking-0.5
3,0.0174947547215503,masking-0.5
4,0.0223153670128255,masking-0.5
5,0.0265150572829239,masking-0.5
6,0.0300187798016491,masking-0.5
7,0.032881683665429,masking-0.5
8,0.0356603020517539,masking-0.5
9,0.0380411654555036,masking-0.5
10,0.0402130207359159,masking-0.5
11,0.0421077276574808,masking-0.5
12,0.0438003882297073,masking-0.5
13,0.0453086355556417,masking-0.5
14,0.0466784760823973,masking-0.5
15,0.0478965084999812,masking-0.5
16,0.0490551936183967,masking-0.5
17,0.0501614804416715,masking-0.5
18,0.0512581030464116,masking-0.5
19,0.0522654505459859,masking-0.5
20,0.0534216545375093,masking-0.5
21,0.0545485450178652,masking-0.5
22,0.0556645726493372,masking-0.5
23,0.056781415785708,masking-0.5
24,0.0578709487787553,masking-0.5
25,0.0590380737199034,masking-0.5
26,0.0601576675461912,masking-0.5
27,0.0612484932023504,masking-0.5
28,0.0623465080818758,masking-0.5
29,0.0634370753883301,masking-0.5
30,0.0645761710766706,masking-0.5
0,0.0,topk-desired-masking-0.1
1,0.0080132549811162,topk-desired-masking-0.1
2,0.0130618666997669,topk-desired-masking-0.1
3,0.0174947547215503,topk-desired-masking-0.1
4,0.0223153670128255,topk-desired-masking-0.1
5,0.0265150572829239,topk-desired-masking-0.1
6,0.0297665560292572,topk-desired-masking-0.1
7,0.0326609878645862,topk-desired-masking-0.1
8,0.0350017547405483,topk-desired-masking-0.1
9,0.0369693133681876,topk-desired-masking-0.1
10,0.0390455138628291,topk-desired-masking-0.1
11,0.0409288708395552,topk-desired-masking-0.1
12,0.0425842151513754,topk-desired-masking-0.1
13,0.0440243465968012,topk-desired-masking-0.1
14,0.045436453139256,topk-desired-masking-0.1
15,0.0467321119907862,topk-desired-masking-0.1
16,0.0479568451687126,topk-desired-masking-0.1
17,0.0491568598087431,topk-desired-masking-0.1
18,0.0502836494928129,topk-desired-masking-0.1
19,0.0513654412424646,topk-desired-masking-0.1
20,0.0524346326314947,topk-desired-masking-0.1
21,0.0535070563060273,topk-desired-masking-0.1
22,0.0545566685178785,topk-desired-masking-0.1
23,0.05561111993023,topk-desired-masking-0.1
24,0.0566217274848777,topk-desired-masking-0.1
25,0.0576073062319186,topk-desired-masking-0.1
26,0.0586078103084919,topk-desired-masking-0.1
27,0.059585576130191,topk-desired-masking-0.1
28,0.0605152420029283,topk-desired-masking-0.1
29,0.0614551522831944,topk-desired-masking-0.1
30,0.0623724959624762,topk-desired-masking-0.1
0,0.0,topk-desired-masking-0.5
1,0.0026437528546426,topk-desired-masking-0.5
2,0.0094821986154512,topk-desired-masking-0.5
3,0.0153355601109004,topk-desired-masking-0.5
4,0.0205880113243056,topk-desired-masking-0.5
5,0.0250755942091574,topk-desired-masking-0.5
6,0.0289309959915741,topk-desired-masking-0.5
7,0.0320778091768838,topk-desired-masking-0.5
8,0.0349457469508249,topk-desired-masking-0.5
9,0.0374810513182789,topk-desired-masking-0.5
10,0.0396234884825889,topk-desired-masking-0.5
11,0.0414901478014113,topk-desired-masking-0.5
12,0.0431715565827091,topk-desired-masking-0.5
13,0.0446861009555098,topk-desired-masking-0.5
14,0.0460574425259129,topk-desired-masking-0.5
15,0.0472732401436166,topk-desired-masking-0.5
16,0.0484661422537294,topk-desired-masking-0.5
17,0.0496051541528191,topk-desired-masking-0.5
18,0.0507310570885514,topk-desired-masking-0.5
19,0.0517647568860187,topk-desired-masking-0.5
20,0.0527489562309059,topk-desired-masking-0.5
21,0.0537434664074965,topk-desired-masking-0.5
22,0.0547112623484868,topk-desired-masking-0.5
23,0.0556784094244714,topk-desired-masking-0.5
24,0.0566374490820384,topk-desired-masking-0.5
25,0.05756274314445,topk-desired-masking-0.5
26,0.0585018517516414,topk-desired-masking-0.5
27,0.0594223732088652,topk-desired-masking-0.5
28,0.060399222904735,topk-desired-masking-0.5
29,0.0613912595323618,topk-desired-masking-0.5
30,0.0625033252722119,topk-desired-masking-0.5
