,# of features removed,AOPC-global,aggregation
0,0,0.0,probabilistic α=0.5
1,1,0.0055660720469582516,probabilistic α=0.5
2,2,0.010122767784001467,probabilistic α=0.5
3,3,0.015947347662368834,probabilistic α=0.5
4,4,0.019981450962667197,probabilistic α=0.5
5,5,0.024452467045023112,probabilistic α=0.5
6,6,0.028248004647712606,probabilistic α=0.5
7,7,0.031335777208255214,probabilistic α=0.5
8,8,0.03417922972371563,probabilistic α=0.5
9,9,0.03702338041735835,probabilistic α=0.5
10,10,0.03980994128893958,probabilistic α=0.5
11,11,0.04193971445865769,probabilistic α=0.5
12,12,0.04377445168792397,probabilistic α=0.5
13,13,0.04558138914093753,probabilistic α=0.5
14,14,0.04742158784637849,probabilistic α=0.5
15,15,0.04926780968416645,probabilistic α=0.5
16,16,0.05107277652521635,probabilistic α=0.5
17,17,0.0527120927232897,probabilistic α=0.5
18,18,0.05421323954788793,probabilistic α=0.5
19,19,0.0555134514092606,probabilistic α=0.5
20,20,0.05686079947263946,probabilistic α=0.5
21,21,0.058217730420303565,probabilistic α=0.5
22,22,0.05944401364807046,probabilistic α=0.5
23,23,0.06068014140454988,probabilistic α=0.5
24,24,0.06196516451607437,probabilistic α=0.5
25,25,0.06315500965620127,probabilistic α=0.5
26,26,0.06434384578815094,probabilistic α=0.5
27,27,0.06549150421515212,probabilistic α=0.5
28,28,0.06664416181180476,probabilistic α=0.5
29,29,0.06776564092394932,probabilistic α=0.5
30,30,0.06892140156140153,probabilistic α=0.5
0,0,0.0,probabilistic α=0.95
1,1,0.0007561866758367877,probabilistic α=0.95
2,2,0.004813520147105843,probabilistic α=0.95
3,3,0.006263621520189038,probabilistic α=0.95
4,4,0.010061144148679743,probabilistic α=0.95
5,5,0.014030010116925645,probabilistic α=0.95
6,6,0.019222639224246274,probabilistic α=0.95
7,7,0.02448601881646122,probabilistic α=0.95
8,8,0.02911398970959027,probabilistic α=0.95
9,9,0.03302550428874342,probabilistic α=0.95
10,10,0.03658182495390734,probabilistic α=0.95
11,11,0.04008131087448325,probabilistic α=0.95
12,12,0.043101970553696765,probabilistic α=0.95
13,13,0.04604306102995581,probabilistic α=0.95
14,14,0.048623254302507364,probabilistic α=0.95
15,15,0.05080876524635809,probabilistic α=0.95
16,16,0.05292326465584153,probabilistic α=0.95
17,17,0.055015940610340465,probabilistic α=0.95
18,18,0.05686493033716152,probabilistic α=0.95
19,19,0.058715104679520756,probabilistic α=0.95
20,20,0.06053497303531925,probabilistic α=0.95
21,21,0.06221651569778285,probabilistic α=0.95
22,22,0.06375472591794241,probabilistic α=0.95
23,23,0.06510235470020491,probabilistic α=0.95
24,24,0.06622778625581376,probabilistic α=0.95
25,25,0.06740831461093835,probabilistic α=0.95
26,26,0.06862126557076484,probabilistic α=0.95
27,27,0.06989875250215753,probabilistic α=0.95
28,28,0.0711893114214806,probabilistic α=0.95
29,29,0.07253427614525591,probabilistic α=0.95
30,30,0.07379819071726627,probabilistic α=0.95
0,0,0.0,sum
1,1,0.0007561866758367877,sum
2,2,0.00019119642542124316,sum
3,3,0.0027968787289255888,sum
4,4,0.007287749915668984,sum
5,5,0.011718848256083344,sum
6,6,0.0172416433435243,sum
7,7,0.022752647420829494,sum
8,8,0.0275732151356954,sum
9,9,0.03163880717223804,sum
10,10,0.035321191211629716,sum
11,11,0.03845391559208234,sum
12,12,0.041599759523788235,sum
13,13,0.04464815078789789,sum
14,14,0.04732133807658664,sum
15,15,0.04958821878455741,sum
16,16,0.05177451504473501,sum
17,17,0.05393101042207319,sum
18,18,0.055837101737750416,sum
19,19,0.05755475693954763,sum
20,20,0.059286257050710785,sum
21,21,0.06088761262628994,sum
22,22,0.06248360124086223,sum
23,23,0.06382743775831119,sum
24,24,0.06500386599159579,sum
25,25,0.06623146820303646,sum
26,26,0.06748800606685931,sum
27,27,0.06880596655196292,sum
28,28,0.07013420774543065,sum
29,29,0.07151434259174096,sum
30,30,0.07281115824612275,sum
0,0,0.0,avg
1,1,0.0001315415663077679,avg
2,2,0.0004335783574422989,avg
3,3,0.0008500521634205926,avg
4,4,0.001178672039501429,avg
5,5,0.001444685826200078,avg
6,6,0.0016912887874733682,avg
7,7,0.0018770369110422257,avg
8,8,0.0020732735974931383,avg
9,9,0.002233546284955256,avg
10,10,0.0023725705260872493,avg
11,11,0.0024885693643920356,avg
12,12,0.002600549025633138,avg
13,13,0.0027676600583122677,avg
14,14,0.0031223129926818685,avg
15,15,0.0034700952671232682,avg
16,16,0.003997099847106529,avg
17,17,0.004564085649627968,avg
18,18,0.005173697880994896,avg
19,19,0.0057242104978521766,avg
20,20,0.0062229283705427536,avg
21,21,0.006681629390560919,avg
22,22,0.007125081433454827,avg
23,23,0.007547279196020373,avg
24,24,0.007937794933828853,avg
25,25,0.008484470859020439,avg
26,26,0.009059986397609153,avg
27,27,0.009606772302796633,avg
28,28,0.010157705900429106,avg
29,29,0.010680073852594334,avg
30,30,0.011168932567360698,avg
0,0,0.0,avg_2e-3
1,1,0.00038728440354791253,avg_2e-3
2,2,0.0008703197519452544,avg_2e-3
3,3,0.0011822382301110625,avg_2e-3
4,4,0.0015685490215334625,avg_2e-3
5,5,0.0023506479809342843,avg_2e-3
6,6,0.003443910629519789,avg_2e-3
7,7,0.004485566511665634,avg_2e-3
8,8,0.005507347434726421,avg_2e-3
9,9,0.0068085606418658556,avg_2e-3
10,10,0.008018937364412154,avg_2e-3
11,11,0.00912873920747405,avg_2e-3
12,12,0.010367950129630186,avg_2e-3
13,13,0.011459821351754678,avg_2e-3
14,14,0.012554662665302186,avg_2e-3
15,15,0.013791369541021923,avg_2e-3
16,16,0.014917910434717564,avg_2e-3
17,17,0.016104941892368368,avg_2e-3
18,18,0.017321105637252435,avg_2e-3
19,19,0.018472870105787808,avg_2e-3
20,20,0.019699063049990164,avg_2e-3
21,21,0.020848816186275078,avg_2e-3
22,22,0.02207390849974156,avg_2e-3
23,23,0.023296551938383675,avg_2e-3
24,24,0.02475989854081259,avg_2e-3
25,25,0.026296279793390855,avg_2e-3
26,26,0.027729380596548465,avg_2e-3
27,27,0.02917382567144531,avg_2e-3
28,28,0.030555071327687068,avg_2e-3
29,29,0.03188911130266716,avg_2e-3
30,30,0.033532627504492096,avg_2e-3
0,0,0.0,avg_3e-3
1,1,0.0005309108208220565,avg_3e-3
2,2,0.0010398139353009338,avg_3e-3
3,3,0.002081103140219205,avg_3e-3
4,4,0.003454345411789053,avg_3e-3
5,5,0.004687246448256646,avg_3e-3
6,6,0.006281437330915811,avg_3e-3
7,7,0.007677483628379479,avg_3e-3
8,8,0.008898170180993422,avg_3e-3
9,9,0.010242222862922104,avg_3e-3
10,10,0.011379690152124594,avg_3e-3
11,11,0.012513270711092851,avg_3e-3
12,12,0.013804523822754723,avg_3e-3
13,13,0.01515002019979234,avg_3e-3
14,14,0.016510134967488873,avg_3e-3
15,15,0.01794189332210317,avg_3e-3
16,16,0.01925054540642291,avg_3e-3
17,17,0.02063780877847078,avg_3e-3
18,18,0.022004888518940346,avg_3e-3
19,19,0.02365610098318196,avg_3e-3
20,20,0.025381586958125407,avg_3e-3
21,21,0.027094930626938265,avg_3e-3
22,22,0.028717823579968847,avg_3e-3
23,23,0.03071638557783649,avg_3e-3
24,24,0.032648633668375,avg_3e-3
25,25,0.034566201791498316,avg_3e-3
26,26,0.036468937247611716,avg_3e-3
27,27,0.03828571604702312,avg_3e-3
28,28,0.04035074798818495,avg_3e-3
29,29,0.042393642859361536,avg_3e-3
30,30,0.0448616177111096,avg_3e-3
0,0,0.0,avg_4e-3
1,1,0.0005309108208220565,avg_4e-3
2,2,0.0010398139353009338,avg_4e-3
3,3,0.002081103140219205,avg_4e-3
4,4,0.003454345411789053,avg_4e-3
5,5,0.004687246448256646,avg_4e-3
6,6,0.006281437330915811,avg_4e-3
7,7,0.007677483628379479,avg_4e-3
8,8,0.008898170180993422,avg_4e-3
9,9,0.010242222862922104,avg_4e-3
10,10,0.011723367616400832,avg_4e-3
11,11,0.01323614757251512,avg_4e-3
12,12,0.014740058967224051,avg_4e-3
13,13,0.016305306371694375,avg_4e-3
14,14,0.017821256638509184,avg_4e-3
15,15,0.019666720507275606,avg_4e-3
16,16,0.021581080900494317,avg_4e-3
17,17,0.02345961465085616,avg_4e-3
18,18,0.02520629582816069,avg_4e-3
19,19,0.02738271235035631,avg_4e-3
20,20,0.02946324521865267,avg_4e-3
21,21,0.03151294860020764,avg_4e-3
22,22,0.03353013287985043,avg_4e-3
23,23,0.03543749241001979,avg_4e-3
24,24,0.0376299708163405,avg_4e-3
25,25,0.04030817693021883,avg_4e-3
26,26,0.042814120990669474,avg_4e-3
27,27,0.045163473763700425,avg_4e-3
28,28,0.04735434496854825,avg_4e-3
29,29,0.049420140413096024,avg_4e-3
30,30,0.05135053191457822,avg_4e-3
0,0,0.0,probabilistic α=0.5
1,1,0.0055660720469582516,probabilistic α=0.5
2,2,0.008020110394520151,probabilistic α=0.5
3,3,0.011365058744089938,probabilistic α=0.5
4,4,0.01631561982804408,probabilistic α=0.5
5,5,0.0203182131828805,probabilistic α=0.5
6,6,0.0247043584801618,probabilistic α=0.5
7,7,0.02823508681164825,probabilistic α=0.5
8,8,0.03142306048228721,probabilistic α=0.5
9,9,0.03371762674228354,probabilistic α=0.5
10,10,0.03613753328576288,probabilistic α=0.5
11,11,0.03857334045574571,probabilistic α=0.5
12,12,0.04066702953138983,probabilistic α=0.5
13,13,0.042695925709870124,probabilistic α=0.5
14,14,0.0447284886440489,probabilistic α=0.5
15,15,0.04654300119638986,probabilistic α=0.5
16,16,0.04832096721693763,probabilistic α=0.5
17,17,0.050113161709915345,probabilistic α=0.5
18,18,0.051907239878115324,probabilistic α=0.5
19,19,0.0535552026259349,probabilistic α=0.5
20,20,0.05499651309733422,probabilistic α=0.5
21,21,0.05642652299702488,probabilistic α=0.5
22,22,0.0578585111480917,probabilistic α=0.5
23,23,0.059325292163483444,probabilistic α=0.5
24,24,0.06066452475590024,probabilistic α=0.5
25,25,0.06202786629226902,probabilistic α=0.5
26,26,0.06333328563193759,probabilistic α=0.5
27,27,0.06463168786959336,probabilistic α=0.5
28,28,0.0659297722249817,probabilistic α=0.5
29,29,0.067144281990448,probabilistic α=0.5
30,30,0.06832642814709206,probabilistic α=0.5
0,0,0.0,probabilistic α=0.95
1,1,0.0007561866758367877,probabilistic α=0.95
2,2,0.00019119642542124316,probabilistic α=0.95
3,3,0.0027968787289255888,probabilistic α=0.95
4,4,0.007287749915668984,probabilistic α=0.95
5,5,0.011718848256083344,probabilistic α=0.95
6,6,0.0172416433435243,probabilistic α=0.95
7,7,0.022752647420829494,probabilistic α=0.95
8,8,0.0275732151356954,probabilistic α=0.95
9,9,0.03163880717223804,probabilistic α=0.95
10,10,0.035321191211629716,probabilistic α=0.95
11,11,0.038428681871386046,probabilistic α=0.95
12,12,0.04155177464686284,probabilistic α=0.95
13,13,0.044283523255074744,probabilistic α=0.95
14,14,0.04698101904595171,probabilistic α=0.95
15,15,0.04926916969333716,probabilistic α=0.95
16,16,0.051474233547115944,probabilistic α=0.95
17,17,0.053647411229877415,probabilistic α=0.95
18,18,0.05544309943538934,probabilistic α=0.95
19,19,0.057221468193892636,probabilistic α=0.95
20,20,0.05883387021834398,probabilistic α=0.95
21,21,0.060469873741555775,probabilistic α=0.95
22,22,0.061988629635740866,probabilistic α=0.95
23,23,0.06335311483459273,probabilistic α=0.95
24,24,0.06475547626778909,probabilistic α=0.95
25,25,0.0659926319301454,probabilistic α=0.95
26,26,0.06715299254420477,probabilistic α=0.95
27,27,0.06833525816843015,probabilistic α=0.95
28,28,0.06954035854986214,probabilistic α=0.95
29,29,0.07080632005544292,probabilistic α=0.95
30,30,0.07202168878025846,probabilistic α=0.95
0,0,0.0,sum
1,1,0.0007561866758367877,sum
2,2,0.00019119642542124316,sum
3,3,0.0027968787289255888,sum
4,4,0.007287749915668984,sum
5,5,0.012968786641049288,sum
6,6,0.01831301910206654,sum
7,7,0.023690101209553952,sum
8,8,0.028406507392339367,sum
9,9,0.03238877020321761,sum
10,10,0.03600297578524751,sum
11,11,0.03905365106386902,sum
12,12,0.041693606197881,sum
13,13,0.04441522398102018,sum
14,14,0.04670285605668627,sum
15,15,0.04900786606499967,sum
16,16,0.05122830072044537,sum
17,17,0.05341514133802187,sum
18,18,0.05522305427468408,sum
19,19,0.05685298031872297,sum
20,20,0.05848292938484906,sum
21,21,0.06013488476412881,sum
22,22,0.0616682053964629,sum
23,23,0.06304604160528467,sum
24,24,0.06446068596765335,sum
25,25,0.06570917971847644,sum
26,26,0.06688003856259762,sum
27,27,0.06807205254330896,sum
28,28,0.0692862289807796,sum
29,29,0.07056066147199647,sum
30,30,0.07175353693928474,sum
0,0,0.0,avg
1,1,0.0001315415663077679,avg
2,2,0.0004335783574422989,avg
3,3,0.0005939047961447893,avg
4,4,0.000769331018450241,avg
5,5,0.0009518948270654254,avg
6,6,0.0011225265783432069,avg
7,7,0.0013087370559360695,avg
8,8,0.0014632132568741711,avg
9,9,0.0015869685824584014,avg
10,10,0.0017045637010983802,avg
11,11,0.001885542843516244,avg
12,12,0.002120357628765522,avg
13,13,0.002460475569915417,avg
14,14,0.0029650678249596813,avg
15,15,0.0034444285631734105,avg
16,16,0.003930321810143479,avg
17,17,0.004395525546888428,avg
18,18,0.004813445747928768,avg
19,19,0.00518989228991063,avg
20,20,0.005614947311972969,avg
21,21,0.0060082127947101195,avg
22,22,0.006391919347043101,avg
23,23,0.006759350409927797,avg
24,24,0.0071235580451818855,avg
25,25,0.007486544986643048,avg
26,26,0.007961249330332806,avg
27,27,0.008574946090458216,avg
28,28,0.009210871398578617,avg
29,29,0.00981096877353643,avg
30,30,0.010385758770879844,avg
0,0,0.0,avg_2e-3
1,1,0.00038728440354791253,avg_2e-3
2,2,0.0006102469433533995,avg_2e-3
3,3,0.0009706778439097869,avg_2e-3
4,4,0.0013993007125724418,avg_2e-3
5,5,0.00200245548043524,avg_2e-3
6,6,0.0028829018275822855,avg_2e-3
7,7,0.003764945483649287,avg_2e-3
8,8,0.00452838801968941,avg_2e-3
9,9,0.005513376422830951,avg_2e-3
10,10,0.006759083724211126,avg_2e-3
11,11,0.0079307752323408,avg_2e-3
12,12,0.008954180819517392,avg_2e-3
13,13,0.010112118831362107,avg_2e-3
14,14,0.01137579322258412,avg_2e-3
15,15,0.01267518145720669,avg_2e-3
16,16,0.013893103716654826,avg_2e-3
17,17,0.015099495381475071,avg_2e-3
18,18,0.016426407570186975,avg_2e-3
19,19,0.0176778456381674,avg_2e-3
20,20,0.018949507526946525,avg_2e-3
21,21,0.020281315013385617,avg_2e-3
22,22,0.021857729350328547,avg_2e-3
23,23,0.02334057290900625,avg_2e-3
24,24,0.024714462409514512,avg_2e-3
25,25,0.026074307034298114,avg_2e-3
26,26,0.027451342472616776,avg_2e-3
27,27,0.028753099130062354,avg_2e-3
28,28,0.030011504324050767,avg_2e-3
29,29,0.0313482807989873,avg_2e-3
30,30,0.032674108690314445,avg_2e-3
0,0,0.0,avg_3e-3
1,1,0.0004978992613072878,avg_3e-3
2,2,0.0010178062289577545,avg_3e-3
3,3,0.00175386899591453,avg_3e-3
4,4,0.002824976774231662,avg_3e-3
5,5,0.004162772583625487,avg_3e-3
6,6,0.005831888304089102,avg_3e-3
7,7,0.007284128229906109,avg_3e-3
8,8,0.008459833288193698,avg_3e-3
9,9,0.009803628069598351,avg_3e-3
10,10,0.011237190563327183,avg_3e-3
11,11,0.012690056831172289,avg_3e-3
12,12,0.014012778664831978,avg_3e-3
13,13,0.015305704080511295,avg_3e-3
14,14,0.016730242505079023,avg_3e-3
15,15,0.018158605414948216,avg_3e-3
16,16,0.019646368389896172,avg_3e-3
17,17,0.021429335116186228,avg_3e-3
18,18,0.0230723648184205,avg_3e-3
19,19,0.02467020346768811,avg_3e-3
20,20,0.02626747849393089,avg_3e-3
21,21,0.02778074310299857,avg_3e-3
22,22,0.029373818122287402,avg_3e-3
23,23,0.030931393009051417,avg_3e-3
24,24,0.03285504080234133,avg_3e-3
25,25,0.034760355709133904,avg_3e-3
26,26,0.0366517455945707,avg_3e-3
27,27,0.038409998827580484,avg_3e-3
28,28,0.04016709035584069,avg_3e-3
29,29,0.04181969752414153,avg_3e-3
30,30,0.043410803730763954,avg_3e-3
0,0,0.0,avg_4e-3
1,1,0.0004978992613072878,avg_4e-3
2,2,0.0010178062289577545,avg_4e-3
3,3,0.00175386899591453,avg_4e-3
4,4,0.002824976774231662,avg_4e-3
5,5,0.004162772583625487,avg_4e-3
6,6,0.005831888304089102,avg_4e-3
7,7,0.007284128229906109,avg_4e-3
8,8,0.008861682321957762,avg_4e-3
9,9,0.010491229035436611,avg_4e-3
10,10,0.012106200917087756,avg_4e-3
11,11,0.013553165392737024,avg_4e-3
12,12,0.015119001473104802,avg_4e-3
13,13,0.016669023014417104,avg_4e-3
14,14,0.01827014347862626,avg_4e-3
15,15,0.020190681232548524,avg_4e-3
16,16,0.022025405035723183,avg_4e-3
17,17,0.023833150706045872,avg_4e-3
18,18,0.025516495180157476,avg_4e-3
19,19,0.027274613639519007,avg_4e-3
20,20,0.028976442095988115,avg_4e-3
21,21,0.03107454516642694,avg_4e-3
22,22,0.03313675408020366,avg_4e-3
23,23,0.03517022284437311,avg_4e-3
24,24,0.03718032678854028,avg_4e-3
25,25,0.03905040936229996,avg_4e-3
26,26,0.04083377043150598,avg_4e-3
27,27,0.04310115737966042,avg_4e-3
28,28,0.04560898347372872,avg_4e-3
29,29,0.047952448473726525,avg_4e-3
30,30,0.05016537791948746,avg_4e-3
0,0,0.0,probabilistic α=0.5
1,1,0.0055660720469582516,probabilistic α=0.5
2,2,0.010122767784001467,probabilistic α=0.5
3,3,0.015947347662368834,probabilistic α=0.5
4,4,0.019981450962667197,probabilistic α=0.5
5,5,0.024452467045023112,probabilistic α=0.5
6,6,0.028248004647712606,probabilistic α=0.5
7,7,0.030804380125778477,probabilistic α=0.5
8,8,0.03300221739626664,probabilistic α=0.5
9,9,0.035138867964865025,probabilistic α=0.5
10,10,0.03742957076083695,probabilistic α=0.5
11,11,0.03975770814123028,probabilistic α=0.5
12,12,0.04176029201029866,probabilistic α=0.5
13,13,0.043711098011714036,probabilistic α=0.5
14,14,0.04567598279243656,probabilistic α=0.5
15,15,0.04763130494609589,probabilistic α=0.5
16,16,0.049532536771738175,probabilistic α=0.5
17,17,0.05117070902872235,probabilistic α=0.5
18,18,0.05266371169078864,probabilistic α=0.5
19,19,0.05418705469271364,probabilistic α=0.5
20,20,0.0555975645044995,probabilistic α=0.5
21,21,0.05700025388568264,probabilistic α=0.5
22,22,0.05840729721550347,probabilistic α=0.5
23,23,0.05985121214475306,probabilistic α=0.5
24,24,0.06131210295437423,probabilistic α=0.5
25,25,0.06275429777352344,probabilistic α=0.5
26,26,0.06408014175437902,probabilistic α=0.5
27,27,0.06535279673590885,probabilistic α=0.5
28,28,0.06662093619536695,probabilistic α=0.5
29,29,0.0677551704871783,probabilistic α=0.5
30,30,0.06886193370740214,probabilistic α=0.5
0,0,0.0,probabilistic α=0.95
1,1,0.0007561866758367877,probabilistic α=0.95
2,2,0.00019119642542124316,probabilistic α=0.95
3,3,0.0027968787289255888,probabilistic α=0.95
4,4,0.007287749915668984,probabilistic α=0.95
5,5,0.011718848256083344,probabilistic α=0.95
6,6,0.0172416433435243,probabilistic α=0.95
7,7,0.022752647420829494,probabilistic α=0.95
8,8,0.0275732151356954,probabilistic α=0.95
9,9,0.03163880717223804,probabilistic α=0.95
10,10,0.035321191211629716,probabilistic α=0.95
11,11,0.03892572994406209,probabilistic α=0.95
12,12,0.042366524736760086,probabilistic α=0.95
13,13,0.04524319209587928,probabilistic α=0.95
14,14,0.047777003449315715,probabilistic α=0.95
15,15,0.050014879245589776,probabilistic α=0.95
16,16,0.052176077831589,probabilistic α=0.95
17,17,0.054310264165213076,probabilistic α=0.95
18,18,0.056071065374128384,probabilistic α=0.95
19,19,0.05784279876085572,probabilistic α=0.95
20,20,0.05960031884745908,probabilistic α=0.95
21,21,0.06112911808214354,probabilistic α=0.95
22,22,0.06252867440874463,probabilistic α=0.95
23,23,0.06383546478190069,probabilistic α=0.95
24,24,0.06501159580418364,probabilistic α=0.95
25,25,0.06623890071514017,probabilistic α=0.95
26,26,0.06748396309612832,probabilistic α=0.95
27,27,0.06875568055837446,probabilistic α=0.95
28,28,0.07008565575162108,probabilistic α=0.95
29,29,0.07132686461436415,probabilistic α=0.95
30,30,0.07262017563417839,probabilistic α=0.95
0,0,0.0,sum
1,1,0.0007561866758367877,sum
2,2,0.00019119642542124316,sum
3,3,0.0027968787289255888,sum
4,4,0.007287749915668984,sum
5,5,0.011718848256083344,sum
6,6,0.0172416433435243,sum
7,7,0.022752647420829494,sum
8,8,0.0275732151356954,sum
9,9,0.03163880717223804,sum
10,10,0.035321191211629716,sum
11,11,0.03892572994406209,sum
12,12,0.04190422530784775,sum
13,13,0.04481391405474639,sum
14,14,0.047358297226355046,sum
15,15,0.049622342161564144,sum
16,16,0.051806631164270756,sum
17,17,0.053961342312745846,sum
18,18,0.055740507829685745,sum
19,19,0.05734456119597455,sum
20,20,0.058723881606414584,sum
21,21,0.06014807170093645,sum
22,22,0.06159028221802482,sum
23,23,0.0629361722657942,sum
24,24,0.06414827498872142,sum
25,25,0.0654087845464265,sum
26,26,0.06668459197070033,sum
27,27,0.06786916173864697,sum
28,28,0.06908363935146626,sum
29,29,0.07035824876088115,sum
30,30,0.07168280545338838,sum
0,0,0.0,avg
1,1,0.0001315415663077679,avg
2,2,0.00029092253572464384,avg
3,3,0.00037992106356830684,avg
4,4,0.0005125505393584618,avg
5,5,0.0006665831836301155,avg
6,6,0.0008168355318053748,avg
7,7,0.0009877614570713458,avg
8,8,0.0011303496728663097,avg
9,9,0.0012445946103360295,avg
10,10,0.0013544085023368636,avg
11,11,0.0015289032892221064,avg
12,12,0.0017582313120976284,avg
13,13,0.0020101245322120633,avg
14,14,0.002358023573185053,avg
15,15,0.0027002777490864167,avg
16,16,0.0030138557055501593,avg
17,17,0.0034674444774465602,avg
18,18,0.0039048331317690236,avg
19,19,0.004298801281704796,avg
20,20,0.004662426759216712,avg
21,21,0.005011889286221601,avg
22,22,0.0053473464351350706,avg
23,23,0.005682110339764259,avg
24,24,0.006019289895608647,avg
25,25,0.006522768818578306,avg
26,26,0.007127558330331487,avg
27,27,0.007732500551648007,avg
28,28,0.008332611382711153,avg
29,29,0.008955169988521952,avg
30,30,0.009589715937709012,avg
0,0,0.0,avg_2e-3
1,1,0.0001408016079342742,avg_2e-3
2,2,0.0005196683181172241,avg_2e-3
3,3,0.0009745570836197273,avg_2e-3
4,4,0.001402404104340394,avg_2e-3
5,5,0.002005041640241867,avg_2e-3
6,6,0.002885118535987966,avg_2e-3
7,7,0.0035971344632811974,avg_2e-3
8,8,0.0042320267500246395,avg_2e-3
9,9,0.005239423679047011,avg_2e-3
10,10,0.006403870597619355,avg_2e-3
11,11,0.007475397604036291,avg_2e-3
12,12,0.008505524961481749,avg_2e-3
13,13,0.00950397161474111,avg_2e-3
14,14,0.010517844968605505,avg_2e-3
15,15,0.011444674128674929,avg_2e-3
16,16,0.012491989370756707,avg_2e-3
17,17,0.013674335142740796,avg_2e-3
18,18,0.014763833573307078,avg_2e-3
19,19,0.015890760979453415,avg_2e-3
20,20,0.01706950062970887,avg_2e-3
21,21,0.018316833353853708,avg_2e-3
22,22,0.019631020073627076,avg_2e-3
23,23,0.021191403574844503,avg_2e-3
24,24,0.022815461313803506,avg_2e-3
25,25,0.024349481149593368,avg_2e-3
26,26,0.02581225292209488,avg_2e-3
27,27,0.027255634290566832,avg_2e-3
28,28,0.02860927178434413,avg_2e-3
29,29,0.029978794819036734,avg_2e-3
30,30,0.031303391234543794,avg_2e-3
0,0,0.0,avg_3e-3
1,1,0.0004978992613072878,avg_3e-3
2,2,0.0010178062289577545,avg_3e-3
3,3,0.00175386899591453,avg_3e-3
4,4,0.002824976774231662,avg_3e-3
5,5,0.003608326300421292,avg_3e-3
6,6,0.004881408961453339,avg_3e-3
7,7,0.006304013925114179,avg_3e-3
8,8,0.007545357218103698,avg_3e-3
9,9,0.00869875436087075,avg_3e-3
10,10,0.00984501509727963,avg_3e-3
11,11,0.011106485244151634,avg_3e-3
12,12,0.01250595262250129,avg_3e-3
13,13,0.013913372419226636,avg_3e-3
14,14,0.015355930372294215,avg_3e-3
15,15,0.01685982651410818,avg_3e-3
16,16,0.018423988247929082,avg_3e-3
17,17,0.020274864982106195,avg_3e-3
18,18,0.022186816199697392,avg_3e-3
19,19,0.02402668421278623,avg_3e-3
20,20,0.025842938187248216,avg_3e-3
21,21,0.02755527456742427,avg_3e-3
22,22,0.02964690819788952,avg_3e-3
23,23,0.03161406897390657,avg_3e-3
24,24,0.033561593324958734,avg_3e-3
25,25,0.03544928027641099,avg_3e-3
26,26,0.037599763396716925,avg_3e-3
27,27,0.039721026902296785,avg_3e-3
28,28,0.04171873931972727,avg_3e-3
29,29,0.04415464515449654,avg_3e-3
30,30,0.04645614857364229,avg_3e-3
0,0,0.0,avg_4e-3
1,1,0.0004978992613072878,avg_4e-3
2,2,0.0010178062289577545,avg_4e-3
3,3,0.00175386899591453,avg_4e-3
4,4,0.002824976774231662,avg_4e-3
5,5,0.0043715204591557805,avg_4e-3
6,6,0.0060108150545436405,avg_4e-3
7,7,0.0073920178624945106,avg_4e-3
8,8,0.008644422833540118,avg_4e-3
9,9,0.010013850250214128,avg_4e-3
10,10,0.011515756150302673,avg_4e-3
11,11,0.013009866784873036,avg_4e-3
12,12,0.014531184394015973,avg_4e-3
13,13,0.016111351410858305,avg_4e-3
14,14,0.018035023996376864,avg_4e-3
15,15,0.020022123049531965,avg_4e-3
16,16,0.021915577410853242,avg_4e-3
17,17,0.023775528021750703,avg_4e-3
18,18,0.02550558217953447,avg_4e-3
19,19,0.027667034384161397,avg_4e-3
20,20,0.029782227684496707,avg_4e-3
21,21,0.031811461426279115,avg_4e-3
22,22,0.034141069673837066,avg_4e-3
23,23,0.03642166127694361,avg_4e-3
24,24,0.03920023037759721,avg_4e-3
25,25,0.041792191731477815,avg_4e-3
26,26,0.044243172280770716,avg_4e-3
27,27,0.046541487507726624,avg_4e-3
28,28,0.048703004084571566,avg_4e-3
29,29,0.05072384422525189,avg_4e-3
30,30,0.05262583425785619,avg_4e-3
0,0,0.0,probabilistic α=0.5
1,1,0.0007561866758367877,probabilistic α=0.5
2,2,0.004813520147105843,probabilistic α=0.5
3,3,0.008960116058529206,probabilistic α=0.5
4,4,0.014391665679595494,probabilistic α=0.5
5,5,0.019794312642463358,probabilistic α=0.5
6,6,0.024255300874089964,probabilistic α=0.5
7,7,0.027310764323858663,probabilistic α=0.5
8,8,0.02989678112789347,probabilistic α=0.5
9,9,0.03234397532332917,probabilistic α=0.5
10,10,0.03488875926853163,probabilistic α=0.5
11,11,0.03742863093995041,probabilistic α=0.5
12,12,0.03961037459373262,probabilistic α=0.5
13,13,0.04175477187614506,probabilistic α=0.5
14,14,0.043850078399238844,probabilistic α=0.5
15,15,0.045870415902635214,probabilistic α=0.5
16,16,0.04768794576399207,probabilistic α=0.5
17,17,0.04951530811546677,probabilistic α=0.5
18,18,0.051340852262321934,probabilistic α=0.5
19,19,0.05301713439093118,probabilistic α=0.5
20,20,0.05466054435374525,probabilistic α=0.5
21,21,0.05629112083932713,probabilistic α=0.5
22,22,0.05794112628434772,probabilistic α=0.5
23,23,0.05940508841010814,probabilistic α=0.5
24,24,0.060848762529082404,probabilistic α=0.5
25,25,0.06222688118524776,probabilistic α=0.5
26,26,0.06362559204717082,probabilistic α=0.5
27,27,0.06491449479614528,probabilistic α=0.5
28,28,0.06619774811559521,probabilistic α=0.5
29,29,0.06744268005922881,probabilistic α=0.5
30,30,0.06865148609224292,probabilistic α=0.5
0,0,0.0,probabilistic α=0.95
1,1,0.0007561866758367877,probabilistic α=0.95
2,2,0.00019119642542124316,probabilistic α=0.95
3,3,0.0027968787289255888,probabilistic α=0.95
4,4,0.007287749915668984,probabilistic α=0.95
5,5,0.011718848256083344,probabilistic α=0.95
6,6,0.0172416433435243,probabilistic α=0.95
7,7,0.022752647420829494,probabilistic α=0.95
8,8,0.0275732151356954,probabilistic α=0.95
9,9,0.03163880717223804,probabilistic α=0.95
10,10,0.035321191211629716,probabilistic α=0.95
11,11,0.03880623289452861,probabilistic α=0.95
12,12,0.042256219767959936,probabilistic α=0.95
13,13,0.04525772101462876,probabilistic α=0.95
14,14,0.047890270288202114,probabilistic α=0.95
15,15,0.05012159273294692,probabilistic α=0.95
16,16,0.05227651405498396,probabilistic α=0.95
17,17,0.054405120598419426,probabilistic α=0.95
18,18,0.056477628752672926,probabilistic α=0.95
19,19,0.058346458123855735,probabilistic α=0.95
20,20,0.05990528919926122,probabilistic α=0.95
21,21,0.061348558885030255,probabilistic α=0.95
22,22,0.06282911107732515,probabilistic α=0.95
23,23,0.06412338325595703,probabilistic α=0.95
24,24,0.06528799753927772,probabilistic α=0.95
25,25,0.0665046716142691,probabilistic α=0.95
26,26,0.06773989062862283,probabilistic α=0.95
27,27,0.06903726013135801,probabilistic α=0.95
28,28,0.07035752568415694,probabilistic α=0.95
29,29,0.07173021659917637,probabilistic α=0.95
30,30,0.07304664229546684,probabilistic α=0.95
0,0,0.0,sum
1,1,0.0007561866758367877,sum
2,2,0.00019119642542124316,sum
3,3,0.0027968787289255888,sum
4,4,0.007287749915668984,sum
5,5,0.011718848256083344,sum
6,6,0.0172416433435243,sum
7,7,0.022752647420829494,sum
8,8,0.0275732151356954,sum
9,9,0.03163880717223804,sum
10,10,0.035321191211629716,sum
11,11,0.03845391559208234,sum
12,12,0.04114000422392407,sum
13,13,0.043789934373284954,sum
14,14,0.04652033608961457,sum
15,15,0.048837279421771095,sum
16,16,0.051067748585642,sum
17,17,0.05326350876626314,sum
18,18,0.055231088536610226,sum
19,19,0.056860612867552805,sum
20,20,0.05849019847897271,sum
21,21,0.05999779047020941,sum
22,22,0.061537071724018254,sum
23,23,0.06288517887570458,sum
24,24,0.06409932133423538,sum
25,25,0.0653617137248053,sum
26,26,0.06668654563101402,sum
27,27,0.0680215345979495,sum
28,28,0.06937682516914184,sum
29,29,0.07078220610132843,sum
30,30,0.07210263906185257,sum
0,0,0.0,avg
1,1,0.0004978992613072878,avg
2,2,0.0007793994623906704,avg
3,3,0.0011137917647063178,avg
4,4,0.0013218735806038863,avg
5,5,0.0015266200904388964,avg
6,6,0.0017291073063880895,avg
7,7,0.0019161731203335528,avg
8,8,0.002113434677077381,avg
9,9,0.0022799251690017314,avg
10,10,0.002416303175879608,avg
11,11,0.002544930546176313,avg
12,12,0.0027902053337853505,avg
13,13,0.003139251581951679,avg
14,14,0.0034946606822633675,avg
15,15,0.0038725045278664217,avg
16,16,0.0042411535275095865,avg
17,17,0.004578035659639306,avg
18,18,0.004879791631592798,avg
19,19,0.005158909015299467,avg
20,20,0.005462031665878414,avg
21,21,0.005880659102346335,avg
22,22,0.006287522221129151,avg
23,23,0.0066761801365928615,avg
24,24,0.007059916476219643,avg
25,25,0.007428258093530387,avg
26,26,0.007795118007036339,avg
27,27,0.008145169467170992,avg
28,28,0.008472005248474211,avg
29,29,0.008777159007998385,avg
30,30,0.009190169791127124,avg
0,0,0.0,avg_2e-3
1,1,0.0004978992613072878,avg_2e-3
2,2,0.0009220552841083253,avg_2e-3
3,3,0.0012045340994759812,avg_2e-3
4,4,0.0017287556218273214,avg_2e-3
5,5,0.0023955555371347353,avg_2e-3
6,6,0.002985203373570468,avg_2e-3
7,7,0.0035602324223636623,avg_2e-3
8,8,0.004357182859282295,avg_2e-3
9,9,0.0050644109320064105,avg_2e-3
10,10,0.006002495287034312,avg_2e-3
11,11,0.007204788315555842,avg_2e-3
12,12,0.008345438192285934,avg_2e-3
13,13,0.009601846780508076,avg_2e-3
14,14,0.010767023687820213,avg_2e-3
15,15,0.011812532609460162,avg_2e-3
16,16,0.012866116588295071,avg_2e-3
17,17,0.014020983742798707,avg_2e-3
18,18,0.015288998124294106,avg_2e-3
19,19,0.016597306664569173,avg_2e-3
20,20,0.017920422790186314,avg_2e-3
21,21,0.019158287909575578,avg_2e-3
22,22,0.020487570964373345,avg_2e-3
23,23,0.021731105100314212,avg_2e-3
24,24,0.023029817582422903,avg_2e-3
25,25,0.024563972055388374,avg_2e-3
26,26,0.02607273035377031,avg_2e-3
27,27,0.027515750229996423,avg_2e-3
28,28,0.0289748832634913,avg_2e-3
29,29,0.03041454565668593,avg_2e-3
30,30,0.031795394573184005,avg_2e-3
0,0,0.0,avg_3e-3
1,1,0.0004978992613072878,avg_3e-3
2,2,0.0012985034825560918,avg_3e-3
3,3,0.0018971894128087582,avg_3e-3
4,4,0.0024688700453065894,avg_3e-3
5,5,0.0033745488987576987,avg_3e-3
6,6,0.004586301687049902,avg_3e-3
7,7,0.00614556866593749,avg_3e-3
8,8,0.007536467992156098,avg_3e-3
9,9,0.009016690892968512,avg_3e-3
10,10,0.01026557017943951,avg_3e-3
11,11,0.011491994069464858,avg_3e-3
12,12,0.012839914849312909,avg_3e-3
13,13,0.014303625825107916,avg_3e-3
14,14,0.015794969466702537,avg_3e-3
15,15,0.01728178694147026,avg_3e-3
16,16,0.018639020602395962,avg_3e-3
17,17,0.020101834817532978,avg_3e-3
18,18,0.021614170006133325,avg_3e-3
19,19,0.023408914911419616,avg_3e-3
20,20,0.025146171651685083,avg_3e-3
21,21,0.026778988723581008,avg_3e-3
22,22,0.028415618281105382,avg_3e-3
23,23,0.030013118161251986,avg_3e-3
24,24,0.03197349694845387,avg_3e-3
25,25,0.03391271738808827,avg_3e-3
26,26,0.03583550128541564,avg_3e-3
27,27,0.037745329798229706,avg_3e-3
28,28,0.039901121865573215,avg_3e-3
29,29,0.041959004274170195,avg_3e-3
30,30,0.04444099972544056,avg_3e-3
0,0,0.0,avg_4e-3
1,1,0.0004978992613072878,avg_4e-3
2,2,0.0012985034825560918,avg_4e-3
3,3,0.0018971894128087582,avg_4e-3
4,4,0.002885871089103424,avg_4e-3
5,5,0.0042039714150981814,avg_4e-3
6,6,0.005888845805286933,avg_4e-3
7,7,0.0073529047333977925,avg_4e-3
8,8,0.008899954388414602,avg_4e-3
9,9,0.010540824847202633,avg_4e-3
10,10,0.01225950668086581,avg_4e-3
11,11,0.013970234203800473,avg_4e-3
12,12,0.015641639693511258,avg_4e-3
13,13,0.01740390992023872,avg_4e-3
14,14,0.01918897924514101,avg_4e-3
15,15,0.02128592546189269,avg_4e-3
16,16,0.02327628517890663,avg_4e-3
17,17,0.025105626511496924,avg_4e-3
18,18,0.026918896193985412,avg_4e-3
19,19,0.028667546251124165,avg_4e-3
20,20,0.03081851975317561,avg_4e-3
21,21,0.03292716114311553,avg_4e-3
22,22,0.03500177520510323,avg_4e-3
23,23,0.03704862213810372,avg_4e-3
24,24,0.03937421701092493,avg_4e-3
25,25,0.04157377744630956,avg_4e-3
26,26,0.04424978781759417,avg_4e-3
27,27,0.04675984519040165,avg_4e-3
28,28,0.0490997199639128,avg_4e-3
29,29,0.0513049473464783,avg_4e-3
30,30,0.05338820746567487,avg_4e-3
0,0,0.0,probabilistic α=0.5
1,1,0.0055660720469582516,probabilistic α=0.5
2,2,0.012113177309960867,probabilistic α=0.5
3,3,0.01744015480683838,probabilistic α=0.5
4,4,0.021175696678242834,probabilistic α=0.5
5,5,0.02544767180800281,probabilistic α=0.5
6,6,0.029101037301695203,probabilistic α=0.5
7,7,0.03208218078048998,probabilistic α=0.5
8,8,0.03484269956570209,probabilistic α=0.5
9,9,0.03762050327514617,probabilistic α=0.5
10,10,0.04035278025056487,probabilistic α=0.5
11,11,0.04243731684014754,probabilistic α=0.5
12,12,0.04423377696314536,probabilistic α=0.5
13,13,0.046047931219171175,probabilistic α=0.5
14,14,0.04785702711939655,probabilistic α=0.5
15,15,0.049476006017028284,probabilistic α=0.5
16,16,0.051128754723458326,probabilistic α=0.5
17,17,0.05276496102162934,probabilistic α=0.5
18,18,0.05426332530420971,probabilistic α=0.5
19,19,0.05579348378072456,probabilistic α=0.5
20,20,0.057128209435229144,probabilistic α=0.5
21,21,0.058461324046833664,probabilistic α=0.5
22,22,0.05980484258703924,probabilistic α=0.5
23,23,0.06102595196194668,probabilistic α=0.5
24,24,0.062297142651175294,probabilistic α=0.5
25,25,0.06352504426294056,probabilistic α=0.5
26,26,0.06475237141360818,probabilistic α=0.5
27,27,0.0659409595055875,probabilistic α=0.5
28,28,0.06713680310465638,probabilistic α=0.5
29,29,0.06829168325584839,probabilistic α=0.5
30,30,0.0694499375851241,probabilistic α=0.5
0,0,0.0,probabilistic α=0.95
1,1,0.0007561866758367877,probabilistic α=0.95
2,2,0.004813520147105843,probabilistic α=0.95
3,3,0.006263621520189038,probabilistic α=0.95
4,4,0.010061144148679743,probabilistic α=0.95
5,5,0.014030010116925645,probabilistic α=0.95
6,6,0.019222639224246274,probabilistic α=0.95
7,7,0.02448601881646122,probabilistic α=0.95
8,8,0.02911398970959027,probabilistic α=0.95
9,9,0.03302550428874342,probabilistic α=0.95
10,10,0.03658182495390734,probabilistic α=0.95
11,11,0.0396094965225035,probabilistic α=0.95
12,12,0.0422066943135436,probabilistic α=0.95
13,13,0.04489166294556402,probabilistic α=0.95
14,14,0.04754861609040836,probabilistic α=0.95
15,15,0.04980129192251528,probabilistic α=0.95
16,16,0.05197505446869535,probabilistic α=0.95
17,17,0.05412040876692463,probabilistic α=0.95
18,18,0.05604288853723691,probabilistic α=0.95
19,19,0.05780368449936829,probabilistic α=0.95
20,20,0.059549485216223906,probabilistic α=0.95
21,21,0.06110950352228126,probabilistic α=0.95
22,22,0.06269584470659308,probabilistic α=0.95
23,23,0.06403083774630323,probabilistic α=0.95
24,24,0.06519912998006816,probabilistic α=0.95
25,25,0.06641922203810605,probabilistic α=0.95
26,26,0.06765760585157694,probabilistic α=0.95
27,27,0.06892312178684276,probabilistic α=0.95
28,28,0.07024732314462498,probabilistic α=0.95
29,29,0.0716236874776288,probabilistic α=0.95
30,30,0.07290742356636998,probabilistic α=0.95
0,0,0.0,sum
1,1,0.0007561866758367877,sum
2,2,0.00019119642542124316,sum
3,3,0.0027968787289255888,sum
4,4,0.007287749915668984,sum
5,5,0.012968786641049288,sum
6,6,0.01831301910206654,sum
7,7,0.023690101209553952,sum
8,8,0.028406507392339367,sum
9,9,0.03238877020321761,sum
10,10,0.03600297578524751,sum
11,11,0.03905365106386902,sum
12,12,0.041693606197881,sum
13,13,0.04441522398102018,sum
14,14,0.04710393972350078,sum
15,15,0.049384407828539416,sum
16,16,0.05158269296848278,sum
17,17,0.053749845127834976,sum
18,18,0.05569182824757302,sum
19,19,0.0574701772241876,sum
20,20,0.058942877677048706,sum
21,21,0.06025810527299553,sum
22,22,0.061595152994420456,sum
23,23,0.06297600818880449,sum
24,24,0.06418649360486935,sum
25,25,0.0654455332157995,sum
26,26,0.06673117978285335,sum
27,27,0.06802978236343073,sum
28,28,0.06938478852891682,sum
29,29,0.07078990401577757,sum
30,30,0.07210053634522363,sum
0,0,0.0,avg
1,1,1.8616086270449995e-05,avg
2,2,0.00015687204683386213,avg
3,3,0.0003244195177328934,avg
4,4,0.0004812686434460218,avg
5,5,0.000663483612767476,avg
6,6,0.0008060389430389256,avg
7,7,0.000913173396784699,avg
8,8,0.0011144803765474243,avg
9,9,0.0014699133356683239,avg
10,10,0.0020468449013777263,avg
11,11,0.0025921686067268807,avg
12,12,0.0031301962437619013,avg
13,13,0.0036341753119267755,avg
14,14,0.0040819901299392865,avg
15,15,0.004474226047007179,avg
16,16,0.0049246501600467155,avg
17,17,0.0053334016038024444,avg
18,18,0.005728951609593276,avg
19,19,0.0061037866827003805,avg
20,20,0.00646040936308474,avg
21,21,0.006816278946701981,avg
22,22,0.007303913946660958,avg
23,23,0.007753093734381875,avg
24,24,0.008176862464389738,avg
25,25,0.008568157096290654,avg
26,26,0.009110086044436564,avg
27,27,0.009634930076314907,avg
28,28,0.010130371506731404,avg
29,29,0.010666541103704264,avg
30,30,0.011228506901262926,avg
0,0,0.0,avg_2e-3
1,1,0.0001408016079342742,avg_2e-3
2,2,0.0005416760244604033,avg_2e-3
3,3,0.00121822251585501,avg_2e-3
4,4,0.00225362052883484,avg_2e-3
5,5,0.0030729806720040313,avg_2e-3
6,6,0.003800494848926964,avg_2e-3
7,7,0.00456783937732588,avg_2e-3
8,8,0.005242071480735271,avg_2e-3
9,9,0.006155691537772226,avg_2e-3
10,10,0.007343006555975921,avg_2e-3
11,11,0.00851682972593932,avg_2e-3
12,12,0.009633389722350992,avg_2e-3
13,13,0.010678256922800295,avg_2e-3
14,14,0.011647426127783312,avg_2e-3
15,15,0.012751199132658379,avg_2e-3
16,16,0.013749567433658098,avg_2e-3
17,17,0.014855353985641565,avg_2e-3
18,18,0.016079454143829445,avg_2e-3
19,19,0.017327523104835218,avg_2e-3
20,20,0.018615867019011117,avg_2e-3
21,21,0.019822121037090166,avg_2e-3
22,22,0.020949596099554938,avg_2e-3
23,23,0.022336809124762363,avg_2e-3
24,24,0.02367319582365638,avg_2e-3
25,25,0.025042268313022878,avg_2e-3
26,26,0.026488653733130404,avg_2e-3
27,27,0.027916819202950804,avg_2e-3
28,28,0.02936212227186105,avg_2e-3
29,29,0.030788876698110017,avg_2e-3
30,30,0.03252449682056327,avg_2e-3
0,0,0.0,avg_3e-3
1,1,0.0005309108208220565,avg_3e-3
2,2,0.0013426934719381316,avg_3e-3
3,3,0.0025354224451750017,avg_3e-3
4,4,0.0034502195336400393,avg_3e-3
5,5,0.004683808216465801,avg_3e-3
6,6,0.006278490275095088,avg_3e-3
7,7,0.00775109280125753,avg_3e-3
8,8,0.009074586442023249,avg_3e-3
9,9,0.01025632343957084,avg_3e-3
10,10,0.011557293201052986,avg_3e-3
11,11,0.012676073505943878,avg_3e-3
12,12,0.01393291125221662,avg_3e-3
13,13,0.015318551056375649,avg_3e-3
14,14,0.016713456794244068,avg_3e-3
15,15,0.018142868811040446,avg_3e-3
16,16,0.01944945059728555,avg_3e-3
17,17,0.021079890474791137,avg_3e-3
18,18,0.022617850780589806,avg_3e-3
19,19,0.024178145253312234,avg_3e-3
20,20,0.025821372093071653,avg_3e-3
21,21,0.02742349823581364,avg_3e-3
22,22,0.02903210564063225,avg_3e-3
23,23,0.030603918547465234,avg_3e-3
24,24,0.03254066531921859,avg_3e-3
25,25,0.03435351229138555,avg_3e-3
26,26,0.03643447191607467,avg_3e-3
27,27,0.03849057555981337,avg_3e-3
28,28,0.040452564478105975,avg_3e-3
29,29,0.04239983958812727,avg_3e-3
30,30,0.04478253351328609,avg_3e-3
0,0,0.0,avg_4e-3
1,1,0.0005309108208220565,avg_4e-3
2,2,0.0013426934719381316,avg_4e-3
3,3,0.0025354224451750017,avg_4e-3
4,4,0.0034502195336400393,avg_4e-3
5,5,0.004683808216465801,avg_4e-3
6,6,0.006278490275095088,avg_4e-3
7,7,0.0076749049545363456,avg_4e-3
8,8,0.008895878026466193,avg_4e-3
9,9,0.010240159923847598,avg_4e-3
10,10,0.01170660032604564,avg_4e-3
11,11,0.013278310507119662,avg_4e-3
12,12,0.014832085938332986,avg_4e-3
13,13,0.016402601446414703,avg_4e-3
14,14,0.01831904244832914,avg_4e-3
15,15,0.020084010551915586,avg_4e-3
16,16,0.021848547346260832,avg_4e-3
17,17,0.023687144977524485,avg_4e-3
18,18,0.025457586981556972,avg_4e-3
19,19,0.02721865085084853,avg_4e-3
20,20,0.02892314420201623,avg_4e-3
21,21,0.031023669903999237,avg_4e-3
22,22,0.03341837081087076,avg_4e-3
23,23,0.035670786134341645,avg_4e-3
24,24,0.03788231077547268,avg_4e-3
25,25,0.04057804639991061,avg_4e-3
26,26,0.04320135703727451,avg_4e-3
27,27,0.0456624789428699,avg_4e-3
28,28,0.04797525535198498,avg_4e-3
29,29,0.0501367815072968,avg_4e-3
30,30,0.05217915983325604,avg_4e-3
