name,score,label,num anchors,total,pos%,%neg%,both
bitch,1.1408865680828808,+,511,511,1.0,0.0,False
bitches,0.36841118926730154,+,165,165,1.0,0.0,False
hoes,0.2288524242974827,+,103,103,1.0,0.0,False
pussy,0.19830927811036927,+,89,89,1.0,0.0,False
hoe,0.12157313049672021,+,55,55,1.0,0.0,False
shit,0.046371017575855725,+,21,21,1.0,0.0,False
niggah,0.04235690254826773,+,19,19,1.0,0.0,False
ass,0.030323998373858466,+,14,14,1.0,0.0,False
cunt,0.02671446392458728,+,12,12,1.0,0.0,False
fuck,0.025939017816146714,+,12,12,1.0,0.0,False
fucking,0.01770849747181232,+,8,8,1.0,0.0,False
flappy,0.014552824292109435,-,6,6,0.0,1.0,False
nigguh,0.013323516914100572,+,6,6,1.0,0.0,False
faggot,0.013323516914100572,+,6,6,1.0,0.0,False
pussies,0.011173170445486033,+,5,5,1.0,0.0,False
sheen,0.009769312957792426,-,4,4,0.0,1.0,False
nigger,0.00890482130819576,+,4,4,1.0,0.0,False
fag,0.008837391211809625,+,4,4,1.0,0.0,False
retarded,0.008685673494940819,+,4,5,0.8,0.19999999999999996,True
n't,0.007751093053889639,+,5,5,1.0,0.0,False
catches,0.007402843576778723,-,3,3,0.0,1.0,False
hoser,0.007402843576778723,-,3,3,0.0,1.0,False
adorable,0.007385986052682188,-,3,3,0.0,1.0,False
fried,0.0073522710044891205,-,3,3,0.0,1.0,False
worm,0.007318555956296052,-,3,3,0.0,1.0,False
redskins,0.007166838239427247,-,3,3,0.0,1.0,False
brownies,0.006812830233400033,-,3,3,0.0,1.0,False
faggots,0.006703902267291621,+,3,3,1.0,0.0,False
fuckin,0.006619614646808951,+,3,3,1.0,0.0,False
bengals,0.0049352290511858144,-,2,2,0.0,1.0,False
pricklypear,0.0049352290511858144,-,2,2,0.0,1.0,False
compliments,0.0049352290511858144,-,2,2,0.0,1.0,False
evening,0.0049352290511858144,-,2,2,0.0,1.0,False
scarlett,0.0049352290511858144,-,2,2,0.0,1.0,False
bites,0.0049352290511858144,-,2,2,0.0,1.0,False
mcdonald,0.0049352290511858144,-,2,2,0.0,1.0,False
8216;dodo,0.0049352290511858144,-,2,2,0.0,1.0,False
mouse,0.0049352290511858144,-,2,2,0.0,1.0,False
links,0.0049352290511858144,-,2,2,0.0,1.0,False
socks,0.0049352290511858144,-,2,2,0.0,1.0,False
defense,0.0049352290511858144,-,2,2,0.0,1.0,False
lines,0.0049352290511858144,-,2,2,0.0,1.0,False
thursday,0.0049352290511858144,-,2,2,0.0,1.0,False
proud,0.004918371527089281,-,2,2,0.0,1.0,False
shopping,0.004918371527089281,-,2,2,0.0,1.0,False
stuffed,0.004918371527089281,-,2,2,0.0,1.0,False
128517,0.004918371527089281,-,2,2,0.0,1.0,False
gym,0.004918371527089281,-,2,2,0.0,1.0,False
wop,0.004918371527089281,-,2,2,0.0,1.0,False
rise,0.004918371527089281,-,2,2,0.0,1.0,False
cold,0.004918371527089281,-,2,2,0.0,1.0,False
cheesecake,0.004901514002992747,-,2,2,0.0,1.0,False
cowboys,0.004901514002992747,-,2,2,0.0,1.0,False
supporters,0.004901514002992747,-,2,2,0.0,1.0,False
paper,0.004901514002992747,-,2,2,0.0,1.0,False
hats,0.004901514002992747,-,2,2,0.0,1.0,False
nudes,0.004901514002992747,-,2,2,0.0,1.0,False
lakers,0.004884656478896213,-,2,2,0.0,1.0,False
heard,0.004884656478896213,-,2,2,0.0,1.0,False
cake,0.004884656478896213,-,2,2,0.0,1.0,False
sick,0.004867798954799678,-,2,2,0.0,1.0,False
looking,0.00483408390660661,-,2,2,0.0,1.0,False
might,0.00483408390660661,-,2,2,0.0,1.0,False
sorry,0.00483408390660661,-,2,2,0.0,1.0,False
thank,0.0048172263825100765,-,2,2,0.0,1.0,False
bone,0.004800368858413543,-,2,2,0.0,1.0,False
should,0.004783511334317009,-,2,2,0.0,1.0,False
bitch&#8221,0.004469268178194414,+,2,2,1.0,0.0,False
fights,0.004469268178194414,+,2,2,1.0,0.0,False
nigglet,0.004469268178194414,+,2,2,1.0,0.0,False
twat,0.004418695605904813,+,2,2,1.0,0.0,False
monkey,0.00436207323190366,-,2,2,0.0,1.0,False
loyal,0.0043344079854221425,+,2,2,1.0,0.0,False
birds,0.00427778561142099,-,2,2,0.0,1.0,False
yeah,0.004266977889036006,+,2,2,1.0,0.0,False
then,0.004030972551684531,+,2,2,1.0,0.0,False
them,0.003794967214333056,+,2,2,1.0,0.0,False
nigga,0.0036938220697538523,+,2,2,1.0,0.0,False
these,0.002766658244444484,+,2,2,1.0,0.0,False
melanin,0.0024676145255929072,-,1,1,0.0,1.0,False
stresses,0.0024676145255929072,-,1,1,0.0,1.0,False
128539;&#128541;&#128075;&#128075,0.0024676145255929072,-,1,1,0.0,1.0,False
penne,0.0024676145255929072,-,1,1,0.0,1.0,False
127817,0.0024676145255929072,-,1,1,0.0,1.0,False
milkshakes,0.0024676145255929072,-,1,1,0.0,1.0,False
bitch&#128118,0.0024676145255929072,-,1,1,0.0,1.0,False
          ,0.0024676145255929072,-,1,1,0.0,1.0,False
jants,0.0024676145255929072,-,1,1,0.0,1.0,False
rasor,0.0024676145255929072,-,1,1,0.0,1.0,False
lebanese,0.0024676145255929072,-,1,1,0.0,1.0,False
elmo,0.0024676145255929072,-,1,1,0.0,1.0,False
makedclisten,0.0024676145255929072,-,1,1,0.0,1.0,False
homeruns,0.0024676145255929072,-,1,1,0.0,1.0,False
80s,0.0024676145255929072,-,1,1,0.0,1.0,False
bird.&#128525;&#128525,0.0024676145255929072,-,1,1,0.0,1.0,False
beaner&#8221,0.0024676145255929072,-,1,1,0.0,1.0,False
nazi&#8221,0.0024676145255929072,-,1,1,0.0,1.0,False
useful,0.0024676145255929072,-,1,1,0.0,1.0,False
visually,0.0024676145255929072,-,1,1,0.0,1.0,False
mofos,0.0024676145255929072,-,1,1,0.0,1.0,False
trassshhh,0.0024676145255929072,-,1,1,0.0,1.0,False
8216;satanic,0.0024676145255929072,-,1,1,0.0,1.0,False
docs,0.0024676145255929072,-,1,1,0.0,1.0,False
bird.&#128527,0.0024676145255929072,-,1,1,0.0,1.0,False
chowder,0.0024676145255929072,-,1,1,0.0,1.0,False
chompers,0.0024676145255929072,-,1,1,0.0,1.0,False
dorian,0.0024676145255929072,-,1,1,0.0,1.0,False
128527;&#128530,0.0024676145255929072,-,1,1,0.0,1.0,False
shitted,0.0024676145255929072,-,1,1,0.0,1.0,False
spirituals,0.0024676145255929072,-,1,1,0.0,1.0,False
shorter,0.0024676145255929072,-,1,1,0.0,1.0,False
rigged,0.0024676145255929072,-,1,1,0.0,1.0,False
spaghetti,0.0024676145255929072,-,1,1,0.0,1.0,False
polly,0.0024676145255929072,-,1,1,0.0,1.0,False
wees,0.0024676145255929072,-,1,1,0.0,1.0,False
edgewater,0.0024676145255929072,-,1,1,0.0,1.0,False
whatimcraving,0.0024676145255929072,-,1,1,0.0,1.0,False
trashed,0.0024676145255929072,-,1,1,0.0,1.0,False
bslfe,0.0024676145255929072,-,1,1,0.0,1.0,False
graces,0.0024676145255929072,-,1,1,0.0,1.0,False
lamps,0.0024676145255929072,-,1,1,0.0,1.0,False
bee&#128029;&#128029,0.0024676145255929072,-,1,1,0.0,1.0,False
folie,0.0024676145255929072,-,1,1,0.0,1.0,False
meets,0.0024676145255929072,-,1,1,0.0,1.0,False
goauche,0.0024676145255929072,-,1,1,0.0,1.0,False
depth,0.0024676145255929072,-,1,1,0.0,1.0,False
alco(ho)l&#8221,0.0024676145255929072,-,1,1,0.0,1.0,False
whitetears,0.0024676145255929072,-,1,1,0.0,1.0,False
baes,0.0024676145255929072,-,1,1,0.0,1.0,False
frappuccino,0.0024676145255929072,-,1,1,0.0,1.0,False
hooks,0.0024676145255929072,-,1,1,0.0,1.0,False
sapete,0.0024676145255929072,-,1,1,0.0,1.0,False
128557;&#128018;&#10052,0.0024676145255929072,-,1,1,0.0,1.0,False
baylor,0.0024676145255929072,-,1,1,0.0,1.0,False
doodle,0.0024676145255929072,-,1,1,0.0,1.0,False
argie,0.0024676145255929072,-,1,1,0.0,1.0,False
"9829;,&#9829",0.0024676145255929072,-,1,1,0.0,1.0,False
freudian,0.0024676145255929072,-,1,1,0.0,1.0,False
faggots&#128530;&#128557,0.0024676145255929072,-,1,1,0.0,1.0,False
oreos?-_-,0.0024676145255929072,-,1,1,0.0,1.0,False
drumstick,0.0024676145255929072,-,1,1,0.0,1.0,False
bone&#127827,0.0024676145255929072,-,1,1,0.0,1.0,False
fuzzies,0.0024676145255929072,-,1,1,0.0,1.0,False
singing?!&#8221;haha,0.0024676145255929072,-,1,1,0.0,1.0,False
thoughts,0.0024676145255929072,-,1,1,0.0,1.0,False
addicting,0.0024676145255929072,-,1,1,0.0,1.0,False
whoooooaaa,0.0024676145255929072,-,1,1,0.0,1.0,False
angel&#128124;&#128149,0.0024676145255929072,-,1,1,0.0,1.0,False
128553;&#128079,0.0024676145255929072,-,1,1,0.0,1.0,False
fumny,0.0024676145255929072,-,1,1,0.0,1.0,False
squishy,0.0024676145255929072,-,1,1,0.0,1.0,False
khloee,0.0024676145255929072,-,1,1,0.0,1.0,False
mcm,0.0024676145255929072,-,1,1,0.0,1.0,False
she)s,0.0024676145255929072,-,1,1,0.0,1.0,False
erecycle,0.0024676145255929072,-,1,1,0.0,1.0,False
certainlt,0.0024676145255929072,-,1,1,0.0,1.0,False
pointy,0.0024676145255929072,-,1,1,0.0,1.0,False
9995;&#11088;&#65039;bitch,0.0024676145255929072,-,1,1,0.0,1.0,False
ovo,0.0024676145255929072,-,1,1,0.0,1.0,False
keyboards,0.0024676145255929072,-,1,1,0.0,1.0,False
stripey,0.0024676145255929072,-,1,1,0.0,1.0,False
bruhhhhh,0.0024676145255929072,-,1,1,0.0,1.0,False
5hrs,0.0024676145255929072,-,1,1,0.0,1.0,False
centuries,0.0024676145255929072,-,1,1,0.0,1.0,False
happiest,0.0024676145255929072,-,1,1,0.0,1.0,False
portable,0.0024676145255929072,-,1,1,0.0,1.0,False
soiknowitsreal,0.0024676145255929072,-,1,1,0.0,1.0,False
blasted,0.0024676145255929072,-,1,1,0.0,1.0,False
incase,0.0024676145255929072,-,1,1,0.0,1.0,False
kfc,0.0024676145255929072,-,1,1,0.0,1.0,False
teef,0.0024676145255929072,-,1,1,0.0,1.0,False
killers.&#128525,0.0024676145255929072,-,1,1,0.0,1.0,False
bbs,0.0024676145255929072,-,1,1,0.0,1.0,False
hoe&#128514,0.0024676145255929072,-,1,1,0.0,1.0,False
hoes&#128064,0.0024676145255929072,-,1,1,0.0,1.0,False
italian,0.0024676145255929072,-,1,1,0.0,1.0,False
murica,0.0024676145255929072,-,1,1,0.0,1.0,False
trailor,0.0024676145255929072,-,1,1,0.0,1.0,False
:o,0.0024676145255929072,-,1,1,0.0,1.0,False
drita,0.0024676145255929072,-,1,1,0.0,1.0,False
existence,0.0024676145255929072,-,1,1,0.0,1.0,False
contacted,0.0024676145255929072,-,1,1,0.0,1.0,False
skylar,0.0024676145255929072,-,1,1,0.0,1.0,False
care&#8221;whole,0.0024676145255929072,-,1,1,0.0,1.0,False
128076;bitch,0.0024676145255929072,-,1,1,0.0,1.0,False
neymar,0.0024676145255929072,-,1,1,0.0,1.0,False
redskin(s,0.0024676145255929072,-,1,1,0.0,1.0,False
soprised,0.0024676145255929072,-,1,1,0.0,1.0,False
vegetables,0.0024676145255929072,-,1,1,0.0,1.0,False
bitches&#128525;&#127825,0.0024676145255929072,-,1,1,0.0,1.0,False
iwanttopunchpeoplewho,0.0024676145255929072,-,1,1,0.0,1.0,False
fanduel,0.0024676145255929072,-,1,1,0.0,1.0,False
paperball,0.0024676145255929072,-,1,1,0.0,1.0,False
tickle,0.0024676145255929072,-,1,1,0.0,1.0,False
antony,0.0024676145255929072,-,1,1,0.0,1.0,False
hoes&#128527,0.0024676145255929072,-,1,1,0.0,1.0,False
webber,0.0024676145255929072,-,1,1,0.0,1.0,False
kong,0.0024676145255929072,-,1,1,0.0,1.0,False
oxtails,0.0024676145255929072,-,1,1,0.0,1.0,False
cake&#128514,0.0024676145255929072,-,1,1,0.0,1.0,False
mook/,0.0024676145255929072,-,1,1,0.0,1.0,False
pregame,0.0024676145255929072,-,1,1,0.0,1.0,False
hellfire,0.0024676145255929072,-,1,1,0.0,1.0,False
guidos,0.0024676145255929072,-,1,1,0.0,1.0,False
pnd,0.0024676145255929072,-,1,1,0.0,1.0,False
musical,0.0024676145255929072,-,1,1,0.0,1.0,False
goalkeeper,0.0024676145255929072,-,1,1,0.0,1.0,False
overripe,0.0024676145255929072,-,1,1,0.0,1.0,False
rafter,0.0024676145255929072,-,1,1,0.0,1.0,False
128525;&#128527;&#128076,0.0024676145255929072,-,1,1,0.0,1.0,False
ouija,0.0024676145255929072,-,1,1,0.0,1.0,False
receivers,0.0024676145255929072,-,1,1,0.0,1.0,False
patron,0.0024676145255929072,-,1,1,0.0,1.0,False
hermanos,0.0024676145255929072,-,1,1,0.0,1.0,False
663399becca,0.0024676145255929072,-,1,1,0.0,1.0,False
skyscrapers,0.0024676145255929072,-,1,1,0.0,1.0,False
denim,0.0024676145255929072,-,1,1,0.0,1.0,False
bitches&lt;&lt;&lt;&lt,0.0024676145255929072,-,1,1,0.0,1.0,False
bumpkin,0.0024676145255929072,-,1,1,0.0,1.0,False
notification,0.0024676145255929072,-,1,1,0.0,1.0,False
loll,0.0024676145255929072,-,1,1,0.0,1.0,False
secondary,0.0024676145255929072,-,1,1,0.0,1.0,False
downie,0.0024676145255929072,-,1,1,0.0,1.0,False
crochet,0.0024676145255929072,-,1,1,0.0,1.0,False
gobbledy,0.0024676145255929072,-,1,1,0.0,1.0,False
128526;&#128523,0.0024676145255929072,-,1,1,0.0,1.0,False
mountain,0.0024676145255929072,-,1,1,0.0,1.0,False
mcgee,0.0024676145255929072,-,1,1,0.0,1.0,False
sperrys,0.0024676145255929072,-,1,1,0.0,1.0,False
furbush,0.0024676145255929072,-,1,1,0.0,1.0,False
birdddd,0.0024676145255929072,-,1,1,0.0,1.0,False
franks,0.0024676145255929072,-,1,1,0.0,1.0,False
buckwheat,0.0024676145255929072,-,1,1,0.0,1.0,False
crowing,0.0024676145255929072,-,1,1,0.0,1.0,False
kanyeeeeeee,0.0024676145255929072,-,1,1,0.0,1.0,False
instinct,0.0024676145255929072,-,1,1,0.0,1.0,False
robber,0.0024676145255929072,-,1,1,0.0,1.0,False
foles,0.0024676145255929072,-,1,1,0.0,1.0,False
waive,0.0024676145255929072,-,1,1,0.0,1.0,False
debatable,0.0024676145255929072,-,1,1,0.0,1.0,False
reward,0.0024676145255929072,-,1,1,0.0,1.0,False
(-:,0.0024676145255929072,-,1,1,0.0,1.0,False
writer,0.0024676145255929072,-,1,1,0.0,1.0,False
careers,0.0024676145255929072,-,1,1,0.0,1.0,False
wwc,0.0024676145255929072,-,1,1,0.0,1.0,False
illmissu,0.0024676145255929072,-,1,1,0.0,1.0,False
gusta,0.0024676145255929072,-,1,1,0.0,1.0,False
420,0.0024676145255929072,-,1,1,0.0,1.0,False
mccarthy,0.0024676145255929072,-,1,1,0.0,1.0,False
yeeyee,0.0024676145255929072,-,1,1,0.0,1.0,False
beatthehabs,0.0024676145255929072,-,1,1,0.0,1.0,False
reaaallly,0.0024676145255929072,-,1,1,0.0,1.0,False
counting,0.0024676145255929072,-,1,1,0.0,1.0,False
shockingly,0.0024676145255929072,-,1,1,0.0,1.0,False
pooped,0.0024676145255929072,-,1,1,0.0,1.0,False
spots,0.0024676145255929072,-,1,1,0.0,1.0,False
searches,0.0024676145255929072,-,1,1,0.0,1.0,False
shill,0.0024676145255929072,-,1,1,0.0,1.0,False
peeps,0.0024676145255929072,-,1,1,0.0,1.0,False
apologies,0.0024676145255929072,-,1,1,0.0,1.0,False
126,0.0024676145255929072,-,1,1,0.0,1.0,False
protective,0.0024676145255929072,-,1,1,0.0,1.0,False
udonis,0.0024676145255929072,-,1,1,0.0,1.0,False
donnas,0.0024676145255929072,-,1,1,0.0,1.0,False
3:10am,0.0024676145255929072,-,1,1,0.0,1.0,False
redmeat,0.0024676145255929072,-,1,1,0.0,1.0,False
boonies,0.0024676145255929072,-,1,1,0.0,1.0,False
hehehe,0.0024676145255929072,-,1,1,0.0,1.0,False
brendon,0.0024676145255929072,-,1,1,0.0,1.0,False
/yankee,0.0024676145255929072,-,1,1,0.0,1.0,False
badonka,0.0024676145255929072,-,1,1,0.0,1.0,False
recommended,0.0024676145255929072,-,1,1,0.0,1.0,False
spiritweek,0.0024676145255929072,-,1,1,0.0,1.0,False
302,0.0024676145255929072,-,1,1,0.0,1.0,False
bucs,0.0024676145255929072,-,1,1,0.0,1.0,False
128115;&#128114;&#128152,0.0024676145255929072,-,1,1,0.0,1.0,False
subwayseries,0.0024676145255929072,-,1,1,0.0,1.0,False
parental,0.0024676145255929072,-,1,1,0.0,1.0,False
pubes,0.0024676145255929072,-,1,1,0.0,1.0,False
gorgeous,0.0024676145255929072,-,1,1,0.0,1.0,False
laughter,0.0024676145255929072,-,1,1,0.0,1.0,False
nu&#241;ez,0.0024676145255929072,-,1,1,0.0,1.0,False
regents,0.0024676145255929072,-,1,1,0.0,1.0,False
waxx,0.0024676145255929072,-,1,1,0.0,1.0,False
reckless,0.0024676145255929072,-,1,1,0.0,1.0,False
browngal,0.0024676145255929072,-,1,1,0.0,1.0,False
drift,0.0024676145255929072,-,1,1,0.0,1.0,False
128530;&#128530;&#128530;&#128530,0.0024676145255929072,-,1,1,0.0,1.0,False
trash&#128553,0.0024676145255929072,-,1,1,0.0,1.0,False
yaoooooooo,0.0024676145255929072,-,1,1,0.0,1.0,False
guide,0.0024676145255929072,-,1,1,0.0,1.0,False
unveil,0.0024676145255929072,-,1,1,0.0,1.0,False
lox,0.0024676145255929072,-,1,1,0.0,1.0,False
darn,0.0024676145255929072,-,1,1,0.0,1.0,False
jackets,0.0024676145255929072,-,1,1,0.0,1.0,False
sharpie,0.0024676145255929072,-,1,1,0.0,1.0,False
9757;&#65039;no,0.0024676145255929072,-,1,1,0.0,1.0,False
breathe,0.0024676145255929072,-,1,1,0.0,1.0,False
ghetto&#127773,0.0024676145255929072,-,1,1,0.0,1.0,False
bearded,0.0024676145255929072,-,1,1,0.0,1.0,False
toddler,0.0024676145255929072,-,1,1,0.0,1.0,False
holidayseasonlive,0.0024676145255929072,-,1,1,0.0,1.0,False
skipped,0.0024676145255929072,-,1,1,0.0,1.0,False
.hes,0.0024676145255929072,-,1,1,0.0,1.0,False
designer,0.0024676145255929072,-,1,1,0.0,1.0,False
intrigues,0.0024676145255929072,-,1,1,0.0,1.0,False
swept,0.0024676145255929072,-,1,1,0.0,1.0,False
ouuua,0.0024676145255929072,-,1,1,0.0,1.0,False
128553;&#128588,0.0024676145255929072,-,1,1,0.0,1.0,False
missions,0.0024676145255929072,-,1,1,0.0,1.0,False
grapefruit,0.0024676145255929072,-,1,1,0.0,1.0,False
mulligan,0.0024676145255929072,-,1,1,0.0,1.0,False
bladder,0.0024676145255929072,-,1,1,0.0,1.0,False
dubya,0.0024676145255929072,-,1,1,0.0,1.0,False
128532;&#128532,0.0024676145255929072,-,1,1,0.0,1.0,False
forthebros,0.0024676145255929072,-,1,1,0.0,1.0,False
chill.&#8221,0.0024676145255929072,-,1,1,0.0,1.0,False
remastered,0.0024676145255929072,-,1,1,0.0,1.0,False
maxima,0.0024676145255929072,-,1,1,0.0,1.0,False
williamsc,0.0024676145255929072,-,1,1,0.0,1.0,False
whistle,0.0024676145255929072,-,1,1,0.0,1.0,False
demanding,0.0024676145255929072,-,1,1,0.0,1.0,False
uya,0.0024676145255929072,-,1,1,0.0,1.0,False
128525;&#8221,0.0024676145255929072,-,1,1,0.0,1.0,False
manual,0.0024676145255929072,-,1,1,0.0,1.0,False
clapclapclap,0.0024676145255929072,-,1,1,0.0,1.0,False
troubleman,0.0024676145255929072,-,1,1,0.0,1.0,False
referring,0.0024676145255929072,-,1,1,0.0,1.0,False
crc,0.0024676145255929072,-,1,1,0.0,1.0,False
sesame,0.0024676145255929072,-,1,1,0.0,1.0,False
revlon,0.0024676145255929072,-,1,1,0.0,1.0,False
128523;&#8221,0.0024676145255929072,-,1,1,0.0,1.0,False
pffttt,0.0024676145255929072,-,1,1,0.0,1.0,False
thomas,0.0024676145255929072,-,1,1,0.0,1.0,False
muzzies,0.0024676145255929072,-,1,1,0.0,1.0,False
approve,0.0024676145255929072,-,1,1,0.0,1.0,False
iwatch,0.0024676145255929072,-,1,1,0.0,1.0,False
fitzpatrick,0.0024676145255929072,-,1,1,0.0,1.0,False
bape,0.0024676145255929072,-,1,1,0.0,1.0,False
linguini,0.0024676145255929072,-,1,1,0.0,1.0,False
hosers,0.0024676145255929072,-,1,1,0.0,1.0,False
wvnextin6,0.0024676145255929072,-,1,1,0.0,1.0,False
disparagement,0.0024676145255929072,-,1,1,0.0,1.0,False
jets,0.0024676145255929072,-,1,1,0.0,1.0,False
dissing,0.0024676145255929072,-,1,1,0.0,1.0,False
directions,0.0024676145255929072,-,1,1,0.0,1.0,False
donaire,0.0024676145255929072,-,1,1,0.0,1.0,False
booner,0.0024676145255929072,-,1,1,0.0,1.0,False
teapot,0.0024676145255929072,-,1,1,0.0,1.0,False
seasoning,0.0024676145255929072,-,1,1,0.0,1.0,False
wilma,0.0024676145255929072,-,1,1,0.0,1.0,False
hellyeah,0.0024676145255929072,-,1,1,0.0,1.0,False
picking,0.0024676145255929072,-,1,1,0.0,1.0,False
habichuelas,0.0024676145255929072,-,1,1,0.0,1.0,False
schedules,0.0024676145255929072,-,1,1,0.0,1.0,False
rowdy,0.0024676145255929072,-,1,1,0.0,1.0,False
lawful,0.0024676145255929072,-,1,1,0.0,1.0,False
admit,0.0024676145255929072,-,1,1,0.0,1.0,False
speedwagon,0.0024676145255929072,-,1,1,0.0,1.0,False
gables,0.0024676145255929072,-,1,1,0.0,1.0,False
128148,0.0024676145255929072,-,1,1,0.0,1.0,False
gasoline,0.0024676145255929072,-,1,1,0.0,1.0,False
inbed,0.0024676145255929072,-,1,1,0.0,1.0,False
classroom,0.0024676145255929072,-,1,1,0.0,1.0,False
conjuring,0.0024676145255929072,-,1,1,0.0,1.0,False
70s,0.0024676145255929072,-,1,1,0.0,1.0,False
bios,0.0024676145255929072,-,1,1,0.0,1.0,False
dismissed,0.0024676145255929072,-,1,1,0.0,1.0,False
"hoe""lmfao",0.0024676145255929072,-,1,1,0.0,1.0,False
sleepy,0.0024676145255929072,-,1,1,0.0,1.0,False
gravedigger,0.0024676145255929072,-,1,1,0.0,1.0,False
givingup,0.0024676145255929072,-,1,1,0.0,1.0,False
choir,0.0024676145255929072,-,1,1,0.0,1.0,False
celtics,0.0024676145255929072,-,1,1,0.0,1.0,False
6'7,0.0024676145255929072,-,1,1,0.0,1.0,False
legion,0.0024676145255929072,-,1,1,0.0,1.0,False
honesty,0.0024676145255929072,-,1,1,0.0,1.0,False
downloaded,0.0024676145255929072,-,1,1,0.0,1.0,False
terrible,0.0024676145255929072,-,1,1,0.0,1.0,False
foodporn,0.0024676145255929072,-,1,1,0.0,1.0,False
lifechanging,0.0024676145255929072,-,1,1,0.0,1.0,False
"doe?""y",0.0024676145255929072,-,1,1,0.0,1.0,False
appropriately,0.0024676145255929072,-,1,1,0.0,1.0,False
wiggas,0.0024676145255929072,-,1,1,0.0,1.0,False
utterly,0.0024676145255929072,-,1,1,0.0,1.0,False
teeth&#128567,0.0024676145255929072,-,1,1,0.0,1.0,False
letsgoyankees,0.0024676145255929072,-,1,1,0.0,1.0,False
mnf,0.0024676145255929072,-,1,1,0.0,1.0,False
1300,0.0024676145255929072,-,1,1,0.0,1.0,False
yaya,0.0024676145255929072,-,1,1,0.0,1.0,False
asap,0.0024676145255929072,-,1,1,0.0,1.0,False
peas,0.0024676145255929072,-,1,1,0.0,1.0,False
artprize,0.0024676145255929072,-,1,1,0.0,1.0,False
advised,0.0024676145255929072,-,1,1,0.0,1.0,False
skulls,0.0024676145255929072,-,1,1,0.0,1.0,False
laff,0.0024676145255929072,-,1,1,0.0,1.0,False
goodnight,0.0024676145255929072,-,1,1,0.0,1.0,False
-107,0.0024676145255929072,-,1,1,0.0,1.0,False
-hunter,0.0024676145255929072,-,1,1,0.0,1.0,False
trash.&#8221;&#128686,0.0024676145255929072,-,1,1,0.0,1.0,False
deztinis,0.0024676145255929072,-,1,1,0.0,1.0,False
poont,0.0024676145255929072,-,1,1,0.0,1.0,False
lousiville,0.0024676145255929072,-,1,1,0.0,1.0,False
trophies,0.0024676145255929072,-,1,1,0.0,1.0,False
tier,0.0024676145255929072,-,1,1,0.0,1.0,False
pedophile,0.0024676145255929072,-,1,1,0.0,1.0,False
128125,0.0024676145255929072,-,1,1,0.0,1.0,False
ferkin,0.0024676145255929072,-,1,1,0.0,1.0,False
pajamas,0.0024676145255929072,-,1,1,0.0,1.0,False
viswa,0.0024676145255929072,-,1,1,0.0,1.0,False
pumprules,0.0024676145255929072,-,1,1,0.0,1.0,False
podcasts,0.0024676145255929072,-,1,1,0.0,1.0,False
rpgs,0.0024676145255929072,-,1,1,0.0,1.0,False
skurred,0.0024676145255929072,-,1,1,0.0,1.0,False
waving,0.0024676145255929072,-,1,1,0.0,1.0,False
bears,0.0024676145255929072,-,1,1,0.0,1.0,False
diz,0.0024676145255929072,-,1,1,0.0,1.0,False
chavez,0.0024676145255929072,-,1,1,0.0,1.0,False
guessing,0.0024676145255929072,-,1,1,0.0,1.0,False
gilbert,0.0024676145255929072,-,1,1,0.0,1.0,False
hemroid,0.0024676145255929072,-,1,1,0.0,1.0,False
sporting,0.0024676145255929072,-,1,1,0.0,1.0,False
googly,0.0024676145255929072,-,1,1,0.0,1.0,False
arabspring,0.0024676145255929072,-,1,1,0.0,1.0,False
hoodrats,0.0024676145255929072,-,1,1,0.0,1.0,False
peers,0.0024676145255929072,-,1,1,0.0,1.0,False
bathtime,0.0024676145255929072,-,1,1,0.0,1.0,False
fowls,0.0024676145255929072,-,1,1,0.0,1.0,False
gotcha,0.0024676145255929072,-,1,1,0.0,1.0,False
krunkchip,0.0024676145255929072,-,1,1,0.0,1.0,False
gallop,0.0024676145255929072,-,1,1,0.0,1.0,False
coordinator,0.0024676145255929072,-,1,1,0.0,1.0,False
degrees,0.0024676145255929072,-,1,1,0.0,1.0,False
edgewood,0.0024676145255929072,-,1,1,0.0,1.0,False
lemmie,0.0024676145255929072,-,1,1,0.0,1.0,False
clumsy,0.0024676145255929072,-,1,1,0.0,1.0,False
gallery,0.0024676145255929072,-,1,1,0.0,1.0,False
reblogged,0.0024676145255929072,-,1,1,0.0,1.0,False
groves,0.0024676145255929072,-,1,1,0.0,1.0,False
worstpeanutsspecialever,0.0024676145255929072,-,1,1,0.0,1.0,False
128155;&#128155,0.0024676145255929072,-,1,1,0.0,1.0,False
tankees,0.0024676145255929072,-,1,1,0.0,1.0,False
johndeere,0.0024676145255929072,-,1,1,0.0,1.0,False
hellen,0.0024676145255929072,-,1,1,0.0,1.0,False
ruby,0.0024676145255929072,-,1,1,0.0,1.0,False
amusing,0.0024676145255929072,-,1,1,0.0,1.0,False
e60,0.0024676145255929072,-,1,1,0.0,1.0,False
conoc&#237,0.0024676145255929072,-,1,1,0.0,1.0,False
believer,0.0024676145255929072,-,1,1,0.0,1.0,False
patriot,0.0024676145255929072,-,1,1,0.0,1.0,False
poop,0.0024676145255929072,-,1,1,0.0,1.0,False
chocolatey,0.0024676145255929072,-,1,1,0.0,1.0,False
oomfs,0.0024676145255929072,-,1,1,0.0,1.0,False
parched,0.0024676145255929072,-,1,1,0.0,1.0,False
boooooooo,0.0024676145255929072,-,1,1,0.0,1.0,False
chilling,0.0024676145255929072,-,1,1,0.0,1.0,False
1999,0.0024676145255929072,-,1,1,0.0,1.0,False
ho&#251;rs,0.0024676145255929072,-,1,1,0.0,1.0,False
machinery,0.0024676145255929072,-,1,1,0.0,1.0,False
ucla,0.0024676145255929072,-,1,1,0.0,1.0,False
8216;sup,0.0024676145255929072,-,1,1,0.0,1.0,False
fatpo,0.0024676145255929072,-,1,1,0.0,1.0,False
foodlovers,0.0024676145255929072,-,1,1,0.0,1.0,False
mutant,0.0024676145255929072,-,1,1,0.0,1.0,False
checking,0.0024676145255929072,-,1,1,0.0,1.0,False
kentucky,0.0024676145255929072,-,1,1,0.0,1.0,False
pinche,0.0024676145255929072,-,1,1,0.0,1.0,False
atlanta,0.0024676145255929072,-,1,1,0.0,1.0,False
flattered,0.0024676145255929072,-,1,1,0.0,1.0,False
abduction,0.0024676145255929072,-,1,1,0.0,1.0,False
270,0.0024676145255929072,-,1,1,0.0,1.0,False
insidejoke,0.0024676145255929072,-,1,1,0.0,1.0,False
theboondocks,0.0024676145255929072,-,1,1,0.0,1.0,False
128123;spook,0.0024676145255929072,-,1,1,0.0,1.0,False
bitchier,0.0024676145255929072,-,1,1,0.0,1.0,False
mood,0.0024676145255929072,-,1,1,0.0,1.0,False
peruvian,0.0024676145255929072,-,1,1,0.0,1.0,False
femalelogic,0.0024676145255929072,-,1,1,0.0,1.0,False
amazingtiming,0.0024676145255929072,-,1,1,0.0,1.0,False
replaced,0.0024676145255929072,-,1,1,0.0,1.0,False
127877;&#127876;&#10084;&#65039,0.0024676145255929072,-,1,1,0.0,1.0,False
zombies,0.0024676145255929072,-,1,1,0.0,1.0,False
huns,0.0024676145255929072,-,1,1,0.0,1.0,False
4lokos,0.0024676145255929072,-,1,1,0.0,1.0,False
scripts,0.0024676145255929072,-,1,1,0.0,1.0,False
rhymes,0.0024676145255929072,-,1,1,0.0,1.0,False
gaga,0.0024676145255929072,-,1,1,0.0,1.0,False
reaper,0.0024676145255929072,-,1,1,0.0,1.0,False
magellan,0.0024676145255929072,-,1,1,0.0,1.0,False
obispo,0.0024676145255929072,-,1,1,0.0,1.0,False
mccain,0.0024676145255929072,-,1,1,0.0,1.0,False
pussy&#128539;&#128570;&#128166;&#128166,0.0024676145255929072,-,1,1,0.0,1.0,False
click,0.0024676145255929072,-,1,1,0.0,1.0,False
hoe&#128522,0.0024676145255929072,-,1,1,0.0,1.0,False
hungover,0.0024676145255929072,-,1,1,0.0,1.0,False
outlook,0.0024676145255929072,-,1,1,0.0,1.0,False
textith,0.0024676145255929072,-,1,1,0.0,1.0,False
bitch&#128545;&#128548,0.0024676145255929072,-,1,1,0.0,1.0,False
r.i.p,0.0024676145255929072,-,1,1,0.0,1.0,False
travis,0.0024676145255929072,-,1,1,0.0,1.0,False
fezbandname,0.0024676145255929072,-,1,1,0.0,1.0,False
128037;&#128035,0.0024676145255929072,-,1,1,0.0,1.0,False
bkent,0.0024676145255929072,-,1,1,0.0,1.0,False
litetally,0.0024676145255929072,-,1,1,0.0,1.0,False
bathsalt,0.0024676145255929072,-,1,1,0.0,1.0,False
opened,0.0024676145255929072,-,1,1,0.0,1.0,False
trash&#187,0.0024676145255929072,-,1,1,0.0,1.0,False
wexican,0.0024676145255929072,-,1,1,0.0,1.0,False
masterchefjunior,0.0024676145255929072,-,1,1,0.0,1.0,False
lt;&lt;&lt;when,0.0024676145255929072,-,1,1,0.0,1.0,False
donuts,0.0024676145255929072,-,1,1,0.0,1.0,False
oppurtunity,0.0024676145255929072,-,1,1,0.0,1.0,False
longexposure,0.0024676145255929072,-,1,1,0.0,1.0,False
dreamt,0.0024676145255929072,-,1,1,0.0,1.0,False
113,0.0024676145255929072,-,1,1,0.0,1.0,False
oakleaf,0.0024676145255929072,-,1,1,0.0,1.0,False
wankin,0.0024676145255929072,-,1,1,0.0,1.0,False
some&#160;pussy,0.0024676145255929072,-,1,1,0.0,1.0,False
now&#8230;that,0.0024676145255929072,-,1,1,0.0,1.0,False
stressful,0.0024676145255929072,-,1,1,0.0,1.0,False
dances,0.0024676145255929072,-,1,1,0.0,1.0,False
brass,0.0024676145255929072,-,1,1,0.0,1.0,False
diaval,0.0024676145255929072,-,1,1,0.0,1.0,False
4&#8419;2&#8419;0&#8419,0.0024676145255929072,-,1,1,0.0,1.0,False
128588;&#128069;&#128166,0.0024676145255929072,-,1,1,0.0,1.0,False
differentials,0.0024676145255929072,-,1,1,0.0,1.0,False
fingernails,0.0024676145255929072,-,1,1,0.0,1.0,False
girls.&#128134,0.0024676145255929072,-,1,1,0.0,1.0,False
sheeze,0.0024676145255929072,-,1,1,0.0,1.0,False
h.g.wells,0.0024676145255929072,-,1,1,0.0,1.0,False
gatornation,0.0024676145255929072,-,1,1,0.0,1.0,False
india&#8217;s,0.0024676145255929072,-,1,1,0.0,1.0,False
pharaohs,0.0024676145255929072,-,1,1,0.0,1.0,False
strait,0.0024676145255929072,-,1,1,0.0,1.0,False
bint,0.0024676145255929072,-,1,1,0.0,1.0,False
brees,0.0024676145255929072,-,1,1,0.0,1.0,False
begging,0.0024676145255929072,-,1,1,0.0,1.0,False
spooks,0.0024676145255929072,-,1,1,0.0,1.0,False
naah,0.0024676145255929072,-,1,1,0.0,1.0,False
shocked,0.0024676145255929072,-,1,1,0.0,1.0,False
prog&#8230,0.0024676145255929072,-,1,1,0.0,1.0,False
potassium,0.0024676145255929072,-,1,1,0.0,1.0,False
gogetit,0.0024676145255929072,-,1,1,0.0,1.0,False
bayless,0.0024676145255929072,-,1,1,0.0,1.0,False
scales,0.0024676145255929072,-,1,1,0.0,1.0,False
lacking,0.0024676145255929072,-,1,1,0.0,1.0,False
crackhead,0.0024676145255929072,-,1,1,0.0,1.0,False
downloads,0.0024676145255929072,-,1,1,0.0,1.0,False
leija,0.0024676145255929072,-,1,1,0.0,1.0,False
bought,0.0024676145255929072,-,1,1,0.0,1.0,False
ritz,0.0024676145255929072,-,1,1,0.0,1.0,False
philhughes,0.0024676145255929072,-,1,1,0.0,1.0,False
ewwww,0.0024676145255929072,-,1,1,0.0,1.0,False
submarine,0.0024676145255929072,-,1,1,0.0,1.0,False
nipples,0.0024676145255929072,-,1,1,0.0,1.0,False
sheryl,0.0024676145255929072,-,1,1,0.0,1.0,False
hungarian,0.0024676145255929072,-,1,1,0.0,1.0,False
luh,0.0024676145255929072,-,1,1,0.0,1.0,False
conservatives,0.0024676145255929072,-,1,1,0.0,1.0,False
bird&#8221,0.0024676145255929072,-,1,1,0.0,1.0,False
pale,0.0024676145255929072,-,1,1,0.0,1.0,False
hugged,0.0024676145255929072,-,1,1,0.0,1.0,False
tortillas,0.0024676145255929072,-,1,1,0.0,1.0,False
thursdays,0.0024676145255929072,-,1,1,0.0,1.0,False
fisher,0.0024676145255929072,-,1,1,0.0,1.0,False
votingmatters,0.0024676145255929072,-,1,1,0.0,1.0,False
swap,0.0024676145255929072,-,1,1,0.0,1.0,False
floridians,0.0024676145255929072,-,1,1,0.0,1.0,False
injuns,0.0024676145255929072,-,1,1,0.0,1.0,False
freezing,0.0024676145255929072,-,1,1,0.0,1.0,False
stunk,0.0024676145255929072,-,1,1,0.0,1.0,False
gung,0.0024676145255929072,-,1,1,0.0,1.0,False
nevermind,0.0024676145255929072,-,1,1,0.0,1.0,False
perfection,0.0024676145255929072,-,1,1,0.0,1.0,False
cigarette,0.0024676145255929072,-,1,1,0.0,1.0,False
transformer,0.0024676145255929072,-,1,1,0.0,1.0,False
cheers,0.0024676145255929072,-,1,1,0.0,1.0,False
vanilla,0.0024676145255929072,-,1,1,0.0,1.0,False
wyoming,0.0024676145255929072,-,1,1,0.0,1.0,False
visiting,0.0024676145255929072,-,1,1,0.0,1.0,False
bumblebees,0.0024676145255929072,-,1,1,0.0,1.0,False
honkey,0.0024676145255929072,-,1,1,0.0,1.0,False
condom,0.0024676145255929072,-,1,1,0.0,1.0,False
terrifying,0.0024676145255929072,-,1,1,0.0,1.0,False
chuckers,0.0024676145255929072,-,1,1,0.0,1.0,False
schools,0.0024676145255929072,-,1,1,0.0,1.0,False
winnnn,0.0024676145255929072,-,1,1,0.0,1.0,False
cutest,0.0024676145255929072,-,1,1,0.0,1.0,False
planned,0.0024676145255929072,-,1,1,0.0,1.0,False
i'mma,0.0024676145255929072,-,1,1,0.0,1.0,False
ucf,0.0024676145255929072,-,1,1,0.0,1.0,False
bitten,0.0024676145255929072,-,1,1,0.0,1.0,False
pity,0.0024676145255929072,-,1,1,0.0,1.0,False
sweeping,0.0024676145255929072,-,1,1,0.0,1.0,False
infinitely,0.0024676145255929072,-,1,1,0.0,1.0,False
pennant,0.0024676145255929072,-,1,1,0.0,1.0,False
newyork,0.0024676145255929072,-,1,1,0.0,1.0,False
chart,0.0024676145255929072,-,1,1,0.0,1.0,False
arod,0.0024676145255929072,-,1,1,0.0,1.0,False
robs,0.0024676145255929072,-,1,1,0.0,1.0,False
blk,0.0024676145255929072,-,1,1,0.0,1.0,False
snapped,0.0024676145255929072,-,1,1,0.0,1.0,False
instant,0.0024676145255929072,-,1,1,0.0,1.0,False
bois,0.0024676145255929072,-,1,1,0.0,1.0,False
mrs,0.0024676145255929072,-,1,1,0.0,1.0,False
panic,0.0024676145255929072,-,1,1,0.0,1.0,False
goldfish,0.0024676145255929072,-,1,1,0.0,1.0,False
describe,0.0024676145255929072,-,1,1,0.0,1.0,False
mace,0.0024676145255929072,-,1,1,0.0,1.0,False
mcflurry,0.0024676145255929072,-,1,1,0.0,1.0,False
pfft,0.0024676145255929072,-,1,1,0.0,1.0,False
scalp,0.0024676145255929072,-,1,1,0.0,1.0,False
domes,0.0024676145255929072,-,1,1,0.0,1.0,False
poms,0.0024676145255929072,-,1,1,0.0,1.0,False
flesh,0.0024676145255929072,-,1,1,0.0,1.0,False
bacon,0.0024676145255929072,-,1,1,0.0,1.0,False
chinks,0.0024676145255929072,-,1,1,0.0,1.0,False
stump,0.0024676145255929072,-,1,1,0.0,1.0,False
mayonnaise,0.0024676145255929072,-,1,1,0.0,1.0,False
doodoo,0.0024676145255929072,-,1,1,0.0,1.0,False
zack,0.0024676145255929072,-,1,1,0.0,1.0,False
ps3,0.0024676145255929072,-,1,1,0.0,1.0,False
anderson,0.0024676145255929072,-,1,1,0.0,1.0,False
whoever,0.0024676145255929072,-,1,1,0.0,1.0,False
parachute,0.0024676145255929072,-,1,1,0.0,1.0,False
penguins,0.0024676145255929072,-,1,1,0.0,1.0,False
charlotte,0.0024676145255929072,-,1,1,0.0,1.0,False
medicine,0.0024676145255929072,-,1,1,0.0,1.0,False
remembers,0.0024676145255929072,-,1,1,0.0,1.0,False
marshall,0.0024676145255929072,-,1,1,0.0,1.0,False
burner,0.0024676145255929072,-,1,1,0.0,1.0,False
decent,0.0024676145255929072,-,1,1,0.0,1.0,False
dej,0.0024676145255929072,-,1,1,0.0,1.0,False
breeze,0.0024676145255929072,-,1,1,0.0,1.0,False
papoose,0.0024676145255929072,-,1,1,0.0,1.0,False
bananas,0.0024676145255929072,-,1,1,0.0,1.0,False
mccoy,0.0024676145255929072,-,1,1,0.0,1.0,False
crusty,0.0024676145255929072,-,1,1,0.0,1.0,False
128536;&#128536,0.0024676145255929072,-,1,1,0.0,1.0,False
suggestion,0.0024676145255929072,-,1,1,0.0,1.0,False
carrot,0.0024676145255929072,-,1,1,0.0,1.0,False
richardson,0.0024676145255929072,-,1,1,0.0,1.0,False
faggot&#8221,0.0024676145255929072,-,1,1,0.0,1.0,False
classics,0.0024676145255929072,-,1,1,0.0,1.0,False
represent,0.0024676145255929072,-,1,1,0.0,1.0,False
jumbotron,0.0024676145255929072,-,1,1,0.0,1.0,False
skating,0.0024676145255929072,-,1,1,0.0,1.0,False
naturally,0.0024676145255929072,-,1,1,0.0,1.0,False
emabiggestfans1d,0.0024676145255929072,-,1,1,0.0,1.0,False
banning,0.0024676145255929072,-,1,1,0.0,1.0,False
ashanti,0.0024676145255929072,-,1,1,0.0,1.0,False
stockboy,0.0024676145255929072,-,1,1,0.0,1.0,False
3d,0.0024676145255929072,-,1,1,0.0,1.0,False
manziel,0.0024676145255929072,-,1,1,0.0,1.0,False
crisp,0.0024676145255929072,-,1,1,0.0,1.0,False
peyton,0.0024676145255929072,-,1,1,0.0,1.0,False
needa,0.0024676145255929072,-,1,1,0.0,1.0,False
rescued,0.0024676145255929072,-,1,1,0.0,1.0,False
127773,0.0024676145255929072,-,1,1,0.0,1.0,False
velvet,0.0024676145255929072,-,1,1,0.0,1.0,False
frosting,0.0024676145255929072,-,1,1,0.0,1.0,False
faking,0.0024676145255929072,-,1,1,0.0,1.0,False
bullpen,0.0024676145255929072,-,1,1,0.0,1.0,False
assuming,0.0024676145255929072,-,1,1,0.0,1.0,False
ain&#8217;t,0.0024676145255929072,-,1,1,0.0,1.0,False
islamic,0.0024676145255929072,-,1,1,0.0,1.0,False
128540;&#128540,0.0024676145255929072,-,1,1,0.0,1.0,False
tuku,0.0024676145255929072,-,1,1,0.0,1.0,False
companies,0.0024676145255929072,-,1,1,0.0,1.0,False
haunt,0.0024676145255929072,-,1,1,0.0,1.0,False
clothing,0.0024676145255929072,-,1,1,0.0,1.0,False
idol,0.0024676145255929072,-,1,1,0.0,1.0,False
alarm,0.0024676145255929072,-,1,1,0.0,1.0,False
dragons,0.0024676145255929072,-,1,1,0.0,1.0,False
passion,0.0024676145255929072,-,1,1,0.0,1.0,False
domino,0.0024676145255929072,-,1,1,0.0,1.0,False
gear,0.0024676145255929072,-,1,1,0.0,1.0,False
prayer,0.0024676145255929072,-,1,1,0.0,1.0,False
robertson,0.0024676145255929072,-,1,1,0.0,1.0,False
;-),0.0024676145255929072,-,1,1,0.0,1.0,False
updated,0.0024676145255929072,-,1,1,0.0,1.0,False
saltine,0.0024676145255929072,-,1,1,0.0,1.0,False
bunny,0.0024676145255929072,-,1,1,0.0,1.0,False
regarding,0.0024676145255929072,-,1,1,0.0,1.0,False
uncivilized,0.0024676145255929072,-,1,1,0.0,1.0,False
texans,0.0024676145255929072,-,1,1,0.0,1.0,False
allowed,0.0024676145255929072,-,1,1,0.0,1.0,False
guala,0.0024676145255929072,-,1,1,0.0,1.0,False
purple,0.0024676145255929072,-,1,1,0.0,1.0,False
sandwiches,0.0024676145255929072,-,1,1,0.0,1.0,False
contacts,0.0024676145255929072,-,1,1,0.0,1.0,False
noon,0.0024676145255929072,-,1,1,0.0,1.0,False
128553;&#128525,0.0024676145255929072,-,1,1,0.0,1.0,False
ofay,0.0024676145255929072,-,1,1,0.0,1.0,False
blast,0.0024676145255929072,-,1,1,0.0,1.0,False
elite,0.0024676145255929072,-,1,1,0.0,1.0,False
humanity,0.0024676145255929072,-,1,1,0.0,1.0,False
singer,0.0024676145255929072,-,1,1,0.0,1.0,False
bryan,0.0024676145255929072,-,1,1,0.0,1.0,False
replace,0.0024676145255929072,-,1,1,0.0,1.0,False
rooting,0.0024676145255929072,-,1,1,0.0,1.0,False
uknow,0.0024676145255929072,-,1,1,0.0,1.0,False
asleep,0.0024676145255929072,-,1,1,0.0,1.0,False
shock,0.0024676145255929072,-,1,1,0.0,1.0,False
showing,0.0024676145255929072,-,1,1,0.0,1.0,False
nonsense,0.0024676145255929072,-,1,1,0.0,1.0,False
girll,0.0024676145255929072,-,1,1,0.0,1.0,False
128553;&#128557,0.0024676145255929072,-,1,1,0.0,1.0,False
ewww,0.0024676145255929072,-,1,1,0.0,1.0,False
youtube,0.0024676145255929072,-,1,1,0.0,1.0,False
lovely,0.0024676145255929072,-,1,1,0.0,1.0,False
hoe.&#8221,0.0024676145255929072,-,1,1,0.0,1.0,False
jennings,0.0024676145255929072,-,1,1,0.0,1.0,False
jackass,0.0024676145255929072,-,1,1,0.0,1.0,False
murda,0.0024676145255929072,-,1,1,0.0,1.0,False
ichiro,0.0024676145255929072,-,1,1,0.0,1.0,False
rubes,0.0024676145255929072,-,1,1,0.0,1.0,False
writes,0.0024676145255929072,-,1,1,0.0,1.0,False
edm,0.0024676145255929072,-,1,1,0.0,1.0,False
bend,0.0024676145255929072,-,1,1,0.0,1.0,False
meal,0.0024676145255929072,-,1,1,0.0,1.0,False
2013,0.0024676145255929072,-,1,1,0.0,1.0,False
coke,0.0024676145255929072,-,1,1,0.0,1.0,False
survive,0.0024676145255929072,-,1,1,0.0,1.0,False
drops,0.0024676145255929072,-,1,1,0.0,1.0,False
reminds,0.0024676145255929072,-,1,1,0.0,1.0,False
rider,0.0024676145255929072,-,1,1,0.0,1.0,False
interested,0.0024676145255929072,-,1,1,0.0,1.0,False
paki,0.0024676145255929072,-,1,1,0.0,1.0,False
harlem,0.0024676145255929072,-,1,1,0.0,1.0,False
deer,0.0024676145255929072,-,1,1,0.0,1.0,False
worldcup,0.0024676145255929072,-,1,1,0.0,1.0,False
nfc,0.0024676145255929072,-,1,1,0.0,1.0,False
crayons,0.0024676145255929072,-,1,1,0.0,1.0,False
foul,0.0024676145255929072,-,1,1,0.0,1.0,False
tests,0.0024676145255929072,-,1,1,0.0,1.0,False
flames,0.0024676145255929072,-,1,1,0.0,1.0,False
aliens,0.0024676145255929072,-,1,1,0.0,1.0,False
baltimore,0.0024676145255929072,-,1,1,0.0,1.0,False
lt;--,0.0024676145255929072,-,1,1,0.0,1.0,False
leftover,0.0024676145255929072,-,1,1,0.0,1.0,False
starts,0.0024676145255929072,-,1,1,0.0,1.0,False
clearly,0.0024676145255929072,-,1,1,0.0,1.0,False
flipping,0.0024676145255929072,-,1,1,0.0,1.0,False
prick,0.0024676145255929072,-,1,1,0.0,1.0,False
conversation,0.0024676145255929072,-,1,1,0.0,1.0,False
reply,0.0024676145255929072,-,1,1,0.0,1.0,False
tupac,0.0024676145255929072,-,1,1,0.0,1.0,False
nate,0.0024676145255929072,-,1,1,0.0,1.0,False
common,0.0024676145255929072,-,1,1,0.0,1.0,False
anyways,0.0024676145255929072,-,1,1,0.0,1.0,False
wave,0.0024676145255929072,-,1,1,0.0,1.0,False
mocking,0.0024676145255929072,-,1,1,0.0,1.0,False
adam,0.0024676145255929072,-,1,1,0.0,1.0,False
freshman,0.0024676145255929072,-,1,1,0.0,1.0,False
hoi,0.0024676145255929072,-,1,1,0.0,1.0,False
dab,0.0024676145255929072,-,1,1,0.0,1.0,False
models,0.0024676145255929072,-,1,1,0.0,1.0,False
dropped,0.0024676145255929072,-,1,1,0.0,1.0,False
camera,0.0024676145255929072,-,1,1,0.0,1.0,False
saints,0.0024676145255929072,-,1,1,0.0,1.0,False
primary,0.0024676145255929072,-,1,1,0.0,1.0,False
sauce,0.0024676145255929072,-,1,1,0.0,1.0,False
sleepin,0.0024676145255929072,-,1,1,0.0,1.0,False
rude,0.0024676145255929072,-,1,1,0.0,1.0,False
california,0.0024676145255929072,-,1,1,0.0,1.0,False
porch,0.0024676145255929072,-,1,1,0.0,1.0,False
duck,0.0024676145255929072,-,1,1,0.0,1.0,False
talked,0.0024676145255929072,-,1,1,0.0,1.0,False
epic,0.0024676145255929072,-,1,1,0.0,1.0,False
128168,0.0024676145255929072,-,1,1,0.0,1.0,False
grandma,0.0024676145255929072,-,1,1,0.0,1.0,False
terrorists,0.0024676145255929072,-,1,1,0.0,1.0,False
local,0.0024676145255929072,-,1,1,0.0,1.0,False
record,0.0024676145255929072,-,1,1,0.0,1.0,False
concert,0.0024676145255929072,-,1,1,0.0,1.0,False
cardinal,0.0024676145255929072,-,1,1,0.0,1.0,False
hours,0.0024676145255929072,-,1,1,0.0,1.0,False
timeline,0.0024676145255929072,-,1,1,0.0,1.0,False
hockey,0.0024676145255929072,-,1,1,0.0,1.0,False
yup,0.0024676145255929072,-,1,1,0.0,1.0,False
larry,0.0024676145255929072,-,1,1,0.0,1.0,False
taco,0.0024676145255929072,-,1,1,0.0,1.0,False
pork,0.0024676145255929072,-,1,1,0.0,1.0,False
turnt,0.0024676145255929072,-,1,1,0.0,1.0,False
grass,0.0024676145255929072,-,1,1,0.0,1.0,False
matters,0.0024676145255929072,-,1,1,0.0,1.0,False
shape,0.0024676145255929072,-,1,1,0.0,1.0,False
penn,0.0024676145255929072,-,1,1,0.0,1.0,False
otl,0.0024676145255929072,-,1,1,0.0,1.0,False
jon,0.0024676145255929072,-,1,1,0.0,1.0,False
starburst,0.0024676145255929072,-,1,1,0.0,1.0,False
spot,0.0024676145255929072,-,1,1,0.0,1.0,False
target,0.0024676145255929072,-,1,1,0.0,1.0,False
huge,0.0024676145255929072,-,1,1,0.0,1.0,False
coloured,0.0024676145255929072,-,1,1,0.0,1.0,False
sob,0.0024676145255929072,-,1,1,0.0,1.0,False
igot,0.0024676145255929072,-,1,1,0.0,1.0,False
5sos,0.0024676145255929072,-,1,1,0.0,1.0,False
cakes,0.0024676145255929072,-,1,1,0.0,1.0,False
facebook,0.0024676145255929072,-,1,1,0.0,1.0,False
crowd,0.0024676145255929072,-,1,1,0.0,1.0,False
brazil,0.0024676145255929072,-,1,1,0.0,1.0,False
episode,0.0024676145255929072,-,1,1,0.0,1.0,False
sandwich,0.0024676145255929072,-,1,1,0.0,1.0,False
wilson,0.0024676145255929072,-,1,1,0.0,1.0,False
sour,0.0024676145255929072,-,1,1,0.0,1.0,False
9th,0.0024676145255929072,-,1,1,0.0,1.0,False
aim,0.0024676145255929072,-,1,1,0.0,1.0,False
verse,0.0024676145255929072,-,1,1,0.0,1.0,False
hairy,0.0024676145255929072,-,1,1,0.0,1.0,False
fill,0.0024676145255929072,-,1,1,0.0,1.0,False
riff,0.0024676145255929072,-,1,1,0.0,1.0,False
bf,0.0024676145255929072,-,1,1,0.0,1.0,False
sock,0.0024676145255929072,-,1,1,0.0,1.0,False
farewellcaptain,0.0024676145255929072,-,1,1,0.0,1.0,False
scary,0.0024676145255929072,-,1,1,0.0,1.0,False
boi,0.0024676145255929072,-,1,1,0.0,1.0,False
throwing,0.0024676145255929072,-,1,1,0.0,1.0,False
pep,0.0024676145255929072,-,1,1,0.0,1.0,False
auto,0.0024676145255929072,-,1,1,0.0,1.0,False
dear,0.0024676145255929072,-,1,1,0.0,1.0,False
bey,0.0024676145255929072,-,1,1,0.0,1.0,False
alone,0.0024676145255929072,-,1,1,0.0,1.0,False
stuck,0.0024676145255929072,-,1,1,0.0,1.0,False
pictures,0.0024676145255929072,-,1,1,0.0,1.0,False
paul,0.0024676145255929072,-,1,1,0.0,1.0,False
plays,0.0024676145255929072,-,1,1,0.0,1.0,False
yourself,0.0024676145255929072,-,1,1,0.0,1.0,False
points,0.0024676145255929072,-,1,1,0.0,1.0,False
finna,0.0024676145255929072,-,1,1,0.0,1.0,False
twinkie,0.0024676145255929072,-,1,1,0.0,1.0,False
hanging,0.0024676145255929072,-,1,1,0.0,1.0,False
awe,0.0024676145255929072,-,1,1,0.0,1.0,False
flu,0.0024676145255929072,-,1,1,0.0,1.0,False
128522,0.0024676145255929072,-,1,1,0.0,1.0,False
babe,0.0024676145255929072,-,1,1,0.0,1.0,False
kat,0.0024676145255929072,-,1,1,0.0,1.0,False
bees,0.0024676145255929072,-,1,1,0.0,1.0,False
nem,0.0024676145255929072,-,1,1,0.0,1.0,False
trans,0.0024676145255929072,-,1,1,0.0,1.0,False
hero,0.0024676145255929072,-,1,1,0.0,1.0,False
okies,0.0024676145255929072,-,1,1,0.0,1.0,False
abu,0.0024676145255929072,-,1,1,0.0,1.0,False
glo,0.0024676145255929072,-,1,1,0.0,1.0,False
river,0.0024676145255929072,-,1,1,0.0,1.0,False
texas,0.0024676145255929072,-,1,1,0.0,1.0,False
jam,0.0024676145255929072,-,1,1,0.0,1.0,False
mental,0.0024676145255929072,-,1,1,0.0,1.0,False
slope,0.0024676145255929072,-,1,1,0.0,1.0,False
liv,0.0024676145255929072,-,1,1,0.0,1.0,False
pan,0.0024676145255929072,-,1,1,0.0,1.0,False
bargain,0.0024507570014963734,-,1,1,0.0,1.0,False
helloween,0.0024507570014963734,-,1,1,0.0,1.0,False
cliff,0.0024507570014963734,-,1,1,0.0,1.0,False
brunch,0.0024507570014963734,-,1,1,0.0,1.0,False
functioning,0.0024507570014963734,-,1,1,0.0,1.0,False
madden,0.0024507570014963734,-,1,1,0.0,1.0,False
celestial,0.0024507570014963734,-,1,1,0.0,1.0,False
bench,0.0024507570014963734,-,1,2,0.5,0.5,True
crown,0.0024507570014963734,-,1,1,0.0,1.0,False
taxes,0.0024507570014963734,-,1,1,0.0,1.0,False
codes,0.0024507570014963734,-,1,2,0.5,0.5,True
fudge,0.0024507570014963734,-,1,1,0.0,1.0,False
overpriced,0.0024507570014963734,-,1,1,0.0,1.0,False
flyer,0.0024507570014963734,-,1,1,0.0,1.0,False
preview,0.0024507570014963734,-,1,1,0.0,1.0,False
smells,0.0024507570014963734,-,1,1,0.0,1.0,False
skippy,0.0024507570014963734,-,1,1,0.0,1.0,False
smashed,0.0024507570014963734,-,1,2,0.5,0.5,True
janet,0.0024507570014963734,-,1,1,0.0,1.0,False
raising,0.0024507570014963734,-,1,2,0.5,0.5,True
lonely,0.0024507570014963734,-,1,1,0.0,1.0,False
cheesy,0.0024507570014963734,-,1,1,0.0,1.0,False
lyfe,0.0024507570014963734,-,1,1,0.0,1.0,False
silly,0.0024507570014963734,-,1,1,0.0,1.0,False
expected,0.0024507570014963734,-,1,1,0.0,1.0,False
emoji,0.0024507570014963734,-,1,1,0.0,1.0,False
nowadays,0.0024507570014963734,-,1,1,0.0,1.0,False
yay,0.0024507570014963734,-,1,1,0.0,1.0,False
pops,0.0024507570014963734,-,1,1,0.0,1.0,False
coons,0.0024507570014963734,-,1,1,0.0,1.0,False
drivers,0.0024507570014963734,-,1,1,0.0,1.0,False
noticed,0.0024507570014963734,-,1,1,0.0,1.0,False
cage,0.0024507570014963734,-,1,1,0.0,1.0,False
saves,0.0024507570014963734,-,1,1,0.0,1.0,False
austin,0.0024507570014963734,-,1,1,0.0,1.0,False
montana,0.0024507570014963734,-,1,1,0.0,1.0,False
bait,0.0024507570014963734,-,1,1,0.0,1.0,False
128591,0.0024507570014963734,-,1,1,0.0,1.0,False
following,0.0024507570014963734,-,1,1,0.0,1.0,False
saved,0.0024507570014963734,-,1,1,0.0,1.0,False
generation,0.0024507570014963734,-,1,1,0.0,1.0,False
plastic,0.0024507570014963734,-,1,1,0.0,1.0,False
yung,0.0024507570014963734,-,1,1,0.0,1.0,False
keys,0.0024507570014963734,-,1,1,0.0,1.0,False
squad,0.0024507570014963734,-,1,1,0.0,1.0,False
battle,0.0024507570014963734,-,1,1,0.0,1.0,False
hillbillies,0.0024507570014963734,-,1,1,0.0,1.0,False
trending,0.0024507570014963734,-,1,1,0.0,1.0,False
lemon,0.0024507570014963734,-,1,1,0.0,1.0,False
ordered,0.0024507570014963734,-,1,1,0.0,1.0,False
nine,0.0024507570014963734,-,1,1,0.0,1.0,False
pulling,0.0024507570014963734,-,1,1,0.0,1.0,False
trash&#8221,0.0024507570014963734,-,1,1,0.0,1.0,False
teixeira,0.0024507570014963734,-,1,1,0.0,1.0,False
rivers,0.0024507570014963734,-,1,1,0.0,1.0,False
random,0.0024507570014963734,-,1,1,0.0,1.0,False
jj,0.0024507570014963734,-,1,1,0.0,1.0,False
fellow,0.0024507570014963734,-,1,1,0.0,1.0,False
butter,0.0024507570014963734,-,1,1,0.0,1.0,False
idc,0.0024507570014963734,-,1,1,0.0,1.0,False
yardie,0.0024507570014963734,-,1,1,0.0,1.0,False
:(,0.0024507570014963734,-,1,1,0.0,1.0,False
prime,0.0024507570014963734,-,1,1,0.0,1.0,False
cole,0.0024507570014963734,-,1,1,0.0,1.0,False
orleans,0.0024507570014963734,-,1,2,0.5,0.5,True
johnny,0.0024507570014963734,-,1,1,0.0,1.0,False
beef,0.0024507570014963734,-,1,1,0.0,1.0,False
famous,0.0024507570014963734,-,1,1,0.0,1.0,False
boring,0.0024507570014963734,-,1,1,0.0,1.0,False
training,0.0024507570014963734,-,1,1,0.0,1.0,False
bucket,0.0024507570014963734,-,1,1,0.0,1.0,False
sunday,0.0024507570014963734,-,1,1,0.0,1.0,False
turned,0.0024507570014963734,-,1,1,0.0,1.0,False
quote,0.0024507570014963734,-,1,1,0.0,1.0,False
message,0.0024507570014963734,-,1,1,0.0,1.0,False
swag,0.0024507570014963734,-,1,1,0.0,1.0,False
store,0.0024507570014963734,-,1,1,0.0,1.0,False
cover,0.0024507570014963734,-,1,1,0.0,1.0,False
amazing,0.0024507570014963734,-,1,1,0.0,1.0,False
steal,0.0024507570014963734,-,1,1,0.0,1.0,False
chuck,0.0024507570014963734,-,1,1,0.0,1.0,False
spend,0.0024507570014963734,-,1,1,0.0,1.0,False
twerk,0.0024507570014963734,-,1,1,0.0,1.0,False
artist,0.0024507570014963734,-,1,1,0.0,1.0,False
giants,0.0024507570014963734,-,1,1,0.0,1.0,False
heated,0.0024507570014963734,-,1,1,0.0,1.0,False
dawn,0.0024507570014963734,-,1,1,0.0,1.0,False
halloween,0.0024507570014963734,-,1,1,0.0,1.0,False
np,0.0024507570014963734,-,1,1,0.0,1.0,False
biggest,0.0024507570014963734,-,1,1,0.0,1.0,False
gots,0.0024507570014963734,-,1,1,0.0,1.0,False
death,0.0024507570014963734,-,1,1,0.0,1.0,False
beanies,0.0024507570014963734,-,1,1,0.0,1.0,False
bud,0.0024507570014963734,-,1,1,0.0,1.0,False
mick,0.0024507570014963734,-,1,1,0.0,1.0,False
field,0.0024507570014963734,-,1,1,0.0,1.0,False
chance,0.0024507570014963734,-,1,1,0.0,1.0,False
view,0.0024507570014963734,-,1,1,0.0,1.0,False
baker,0.0024507570014963734,-,1,1,0.0,1.0,False
anyone,0.0024507570014963734,-,1,1,0.0,1.0,False
lost,0.0024507570014963734,-,1,1,0.0,1.0,False
hood,0.0024507570014963734,-,1,1,0.0,1.0,False
problem,0.0024507570014963734,-,1,1,0.0,1.0,False
actually,0.0024507570014963734,-,1,1,0.0,1.0,False
bc,0.0024507570014963734,-,1,1,0.0,1.0,False
aye,0.0024507570014963734,-,1,1,0.0,1.0,False
special,0.0024507570014963734,-,1,1,0.0,1.0,False
doo,0.0024507570014963734,-,1,1,0.0,1.0,False
pot,0.0024507570014963734,-,1,1,0.0,1.0,False
zebras,0.002433899477399839,-,1,1,0.0,1.0,False
straight,0.002433899477399839,-,1,1,0.0,1.0,False
sell,0.002433899477399839,-,1,1,0.0,1.0,False
bike,0.002433899477399839,-,1,1,0.0,1.0,False
nature,0.002433899477399839,-,1,1,0.0,1.0,False
firecashman,0.002433899477399839,-,1,1,0.0,1.0,False
glizzy,0.002433899477399839,-,1,1,0.0,1.0,False
jordan,0.002433899477399839,-,1,1,0.0,1.0,False
currently,0.002433899477399839,-,1,1,0.0,1.0,False
fantasy,0.002433899477399839,-,1,1,0.0,1.0,False
iggy,0.002433899477399839,-,1,1,0.0,1.0,False
heaven,0.002433899477399839,-,1,1,0.0,1.0,False
betta,0.002433899477399839,-,1,1,0.0,1.0,False
128533,0.002433899477399839,-,1,1,0.0,1.0,False
leprechaun,0.002433899477399839,-,1,1,0.0,1.0,False
glasses,0.002433899477399839,-,1,1,0.0,1.0,False
rihanna,0.002433899477399839,-,1,1,0.0,1.0,False
retweet,0.002433899477399839,-,1,1,0.0,1.0,False
honky,0.002433899477399839,-,1,1,0.0,1.0,False
math,0.002433899477399839,-,1,1,0.0,1.0,False
graham,0.002433899477399839,-,1,1,0.0,1.0,False
legs,0.002433899477399839,-,1,1,0.0,1.0,False
albino,0.002433899477399839,-,1,1,0.0,1.0,False
fags,0.002433899477399839,-,1,1,0.0,1.0,False
likes,0.002433899477399839,-,1,1,0.0,1.0,False
knew,0.002433899477399839,-,1,1,0.0,1.0,False
slopes,0.002433899477399839,-,1,1,0.0,1.0,False
clams,0.002433899477399839,-,1,1,0.0,1.0,False
btw,0.002433899477399839,-,1,1,0.0,1.0,False
amos,0.002433899477399839,-,1,1,0.0,1.0,False
earth,0.002433899477399839,-,1,1,0.0,1.0,False
spell,0.002433899477399839,-,1,1,0.0,1.0,False
players,0.002433899477399839,-,1,1,0.0,1.0,False
huh,0.002433899477399839,-,1,1,0.0,1.0,False
heads,0.002433899477399839,-,1,1,0.0,1.0,False
tail,0.002433899477399839,-,1,1,0.0,1.0,False
females,0.002433899477399839,-,1,1,0.0,1.0,False
beer,0.002433899477399839,-,1,1,0.0,1.0,False
help,0.002433899477399839,-,1,1,0.0,1.0,False
realize,0.002433899477399839,-,1,1,0.0,1.0,False
whole,0.002433899477399839,-,1,1,0.0,1.0,False
cookie,0.002433899477399839,-,1,1,0.0,1.0,False
folk,0.002433899477399839,-,1,1,0.0,1.0,False
derek,0.002433899477399839,-,1,1,0.0,1.0,False
kind,0.002433899477399839,-,1,1,0.0,1.0,False
came,0.002433899477399839,-,1,1,0.0,1.0,False
feeling,0.002433899477399839,-,1,1,0.0,1.0,False
yasss,0.002417041953303305,-,1,1,0.0,1.0,False
alright,0.002417041953303305,-,1,1,0.0,1.0,False
pom,0.002417041953303305,-,1,1,0.0,1.0,False
chaplin,0.002417041953303305,-,1,1,0.0,1.0,False
tale,0.002417041953303305,-,1,1,0.0,1.0,False
pollo,0.002417041953303305,-,1,1,0.0,1.0,False
whatever,0.002417041953303305,-,1,1,0.0,1.0,False
babies,0.002417041953303305,-,1,1,0.0,1.0,False
128523,0.002417041953303305,-,1,1,0.0,1.0,False
bread,0.002417041953303305,-,1,1,0.0,1.0,False
christmas,0.002417041953303305,-,1,1,0.0,1.0,False
milk,0.002417041953303305,-,1,1,0.0,1.0,False
mama,0.002417041953303305,-,1,1,0.0,1.0,False
cookies,0.002417041953303305,-,1,1,0.0,1.0,False
double,0.002417041953303305,-,1,1,0.0,1.0,False
candy,0.002417041953303305,-,1,2,0.5,0.5,True
sounds,0.002417041953303305,-,1,1,0.0,1.0,False
soon,0.002417041953303305,-,1,1,0.0,1.0,False
cheese,0.002417041953303305,-,1,1,0.0,1.0,False
deep,0.002417041953303305,-,1,1,0.0,1.0,False
lady,0.002417041953303305,-,1,1,0.0,1.0,False
weird,0.002417041953303305,-,1,1,0.0,1.0,False
wonder,0.002417041953303305,-,1,1,0.0,1.0,False
128588,0.002417041953303305,-,1,1,0.0,1.0,False
date,0.002417041953303305,-,1,1,0.0,1.0,False
chill,0.002417041953303305,-,1,1,0.0,1.0,False
chris,0.002417041953303305,-,1,1,0.0,1.0,False
playing,0.002417041953303305,-,1,1,0.0,1.0,False
guinea,0.0024001844292067713,-,1,1,0.0,1.0,False
shiner,0.0024001844292067713,-,1,1,0.0,1.0,False
feather,0.0024001844292067713,-,1,1,0.0,1.0,False
warm,0.0024001844292067713,-,1,1,0.0,1.0,False
almost,0.0024001844292067713,-,1,1,0.0,1.0,False
idk,0.0024001844292067713,-,1,1,0.0,1.0,False
128526,0.0024001844292067713,-,1,1,0.0,1.0,False
wanted,0.0024001844292067713,-,1,1,0.0,1.0,False
season,0.0024001844292067713,-,1,1,0.0,1.0,False
pick,0.0024001844292067713,-,1,1,0.0,1.0,False
party,0.0024001844292067713,-,1,1,0.0,1.0,False
wait,0.0024001844292067713,-,1,1,0.0,1.0,False
stay,0.0023833269051102375,-,1,1,0.0,1.0,False
slit,0.0023833269051102375,-,1,1,0.0,1.0,False
fan,0.0023833269051102375,-,1,1,0.0,1.0,False
walking,0.0023833269051102375,-,1,1,0.0,1.0,False
eyes,0.0023833269051102375,-,1,1,0.0,1.0,False
bae,0.0023833269051102375,-,1,1,0.0,1.0,False
taking,0.0023833269051102375,-,1,1,0.0,1.0,False
bruh,0.0023833269051102375,-,1,1,0.0,1.0,False
pass,0.0023833269051102375,-,1,1,0.0,1.0,False
dog,0.0023833269051102375,-,1,1,0.0,1.0,False
probably,0.0023833269051102375,-,1,1,0.0,1.0,False
watching,0.0023833269051102375,-,1,1,0.0,1.0,False
text,0.0023833269051102375,-,1,1,0.0,1.0,False
makes,0.0023833269051102375,-,1,1,0.0,1.0,False
pretty,0.0023664693810137036,-,1,1,0.0,1.0,False
school,0.0023664693810137036,-,1,1,0.0,1.0,False
wow,0.0023664693810137036,-,1,1,0.0,1.0,False
zebra,0.0023664693810137036,-,1,1,0.0,1.0,False
wearing,0.0023664693810137036,-,1,1,0.0,1.0,False
uncle,0.0023664693810137036,-,1,1,0.0,1.0,False
since,0.0023664693810137036,-,1,1,0.0,1.0,False
wife,0.0023664693810137036,-,1,1,0.0,1.0,False
shy,0.0023664693810137036,-,1,1,0.0,1.0,False
house,0.0023664693810137036,-,1,2,0.5,0.5,True
throw,0.0023664693810137036,-,1,1,0.0,1.0,False
team,0.0023664693810137036,-,1,1,0.0,1.0,False
sole,0.0023664693810137036,-,1,1,0.0,1.0,False
great,0.0023664693810137036,-,1,1,0.0,1.0,False
128553,0.0023664693810137036,-,1,1,0.0,1.0,False
song,0.0023496118569171697,-,1,1,0.0,1.0,False
planet,0.0023496118569171697,-,1,1,0.0,1.0,False
first,0.0023496118569171697,-,1,1,0.0,1.0,False
please,0.0023496118569171697,-,1,1,0.0,1.0,False
128530,0.0023496118569171697,-,1,1,0.0,1.0,False
cuz,0.0023327543328206355,-,1,1,0.0,1.0,False
hahaha,0.0023327543328206355,-,1,1,0.0,1.0,False
same,0.0023327543328206355,-,1,1,0.0,1.0,False
kill,0.0023327543328206355,-,1,1,0.0,1.0,False
year,0.0023158968087241016,-,1,2,0.5,0.5,True
music,0.0023158968087241016,-,1,1,0.0,1.0,False
suck,0.0023158968087241016,-,1,2,0.5,0.5,True
white,0.0023158968087241016,-,1,1,0.0,1.0,False
free,0.0022990392846275677,-,1,1,0.0,1.0,False
could,0.0022990392846275677,-,1,1,0.0,1.0,False
again,0.0022653242364344996,-,1,1,0.0,1.0,False
much,0.0022653242364344996,-,1,1,0.0,1.0,False
thanks,0.0022653242364344996,-,1,1,0.0,1.0,False
squirrels,0.002234634089097207,+,1,1,1.0,0.0,False
keyshawn,0.002234634089097207,+,1,1,1.0,0.0,False
wuw,0.002234634089097207,+,1,1,1.0,0.0,False
created,0.002234634089097207,+,1,1,1.0,0.0,False
whispering,0.002234634089097207,+,1,1,1.0,0.0,False
boogie,0.002234634089097207,+,1,1,1.0,0.0,False
fined,0.002234634089097207,+,1,1,1.0,0.0,False
lmfaoooooooooo,0.002234634089097207,+,1,1,1.0,0.0,False
motherfuckers,0.002234634089097207,+,1,1,1.0,0.0,False
stronger,0.002234634089097207,+,1,1,1.0,0.0,False
thing?&#8221,0.002234634089097207,+,1,1,1.0,0.0,False
hangin,0.002234634089097207,+,1,1,1.0,0.0,False
splashgang,0.002234634089097207,+,1,1,1.0,0.0,False
yeezy,0.002234634089097207,+,1,1,1.0,0.0,False
cougar,0.002234634089097207,+,1,1,1.0,0.0,False
traphouseeee,0.002234634089097207,+,1,1,1.0,0.0,False
lexy,0.002234634089097207,+,1,1,1.0,0.0,False
awwwwww,0.002234634089097207,+,1,1,1.0,0.0,False
freeky,0.002234634089097207,+,1,1,1.0,0.0,False
taz,0.002234634089097207,+,1,1,1.0,0.0,False
together&#128521;&#8221;yu,0.002234634089097207,+,1,1,1.0,0.0,False
partnas,0.002234634089097207,+,1,1,1.0,0.0,False
creamteam,0.002234634089097207,+,1,1,1.0,0.0,False
daft,0.002234634089097207,+,1,1,1.0,0.0,False
nuggets,0.002234634089097207,+,1,1,1.0,0.0,False
wifeys,0.002234634089097207,+,1,1,1.0,0.0,False
8221;nbs&#128064,0.002234634089097207,+,1,1,1.0,0.0,False
bullshittin,0.002234634089097207,+,1,1,1.0,0.0,False
revolving,0.002234634089097207,+,1,1,1.0,0.0,False
sacc,0.002234634089097207,+,1,1,1.0,0.0,False
coloreds,0.002234634089097207,+,1,1,1.0,0.0,False
128514;&#128514;&#128514;&#128128,0.002234634089097207,+,1,1,1.0,0.0,False
jerks,0.002234634089097207,+,1,1,1.0,0.0,False
flaky,0.002234634089097207,+,1,1,1.0,0.0,False
-simplyaddictedtoguys,0.002234634089097207,+,1,1,1.0,0.0,False
imaginary,0.002234634089097207,+,1,1,1.0,0.0,False
sydney,0.002234634089097207,+,1,1,1.0,0.0,False
beiber,0.002234634089097207,+,1,1,1.0,0.0,False
nicee,0.002234634089097207,+,1,1,1.0,0.0,False
bullets,0.002234634089097207,+,1,1,1.0,0.0,False
twitta,0.002234634089097207,+,1,1,1.0,0.0,False
gtta,0.002234634089097207,+,1,1,1.0,0.0,False
-famu,0.002234634089097207,+,1,1,1.0,0.0,False
krabby,0.002234634089097207,+,1,1,1.0,0.0,False
surgery,0.002234634089097207,+,1,1,1.0,0.0,False
-0,0.002234634089097207,+,1,1,1.0,0.0,False
clue,0.002234634089097207,+,1,1,1.0,0.0,False
hmmm,0.002234634089097207,+,1,1,1.0,0.0,False
stapler,0.002234634089097207,+,1,1,1.0,0.0,False
chitown,0.002234634089097207,+,1,1,1.0,0.0,False
decoy,0.002234634089097207,+,1,1,1.0,0.0,False
faggot&#8221;&#8221;smh,0.002234634089097207,+,1,1,1.0,0.0,False
buckets,0.002234634089097207,+,1,1,1.0,0.0,False
1wayhustle,0.002234634089097207,+,1,1,1.0,0.0,False
-all,0.002234634089097207,+,1,1,1.0,0.0,False
3peat,0.002234634089097207,+,1,1,1.0,0.0,False
flew,0.002234634089097207,+,1,1,1.0,0.0,False
ginyu,0.002234634089097207,+,1,1,1.0,0.0,False
droppin,0.002234634089097207,+,1,1,1.0,0.0,False
gamma,0.002234634089097207,+,1,1,1.0,0.0,False
ratha,0.002234634089097207,+,1,1,1.0,0.0,False
linin,0.002234634089097207,+,1,1,1.0,0.0,False
mannnnnn,0.002234634089097207,+,1,1,1.0,0.0,False
muhammad,0.002234634089097207,+,1,1,1.0,0.0,False
cdfu,0.002234634089097207,+,1,1,1.0,0.0,False
jeezy,0.002234634089097207,+,1,1,1.0,0.0,False
128525;&#128166,0.002234634089097207,+,1,1,1.0,0.0,False
128133;&#128129;&#128068,0.002234634089097207,+,1,1,1.0,0.0,False
bain,0.002234634089097207,+,1,1,1.0,0.0,False
gossip,0.002234634089097207,+,1,1,1.0,0.0,False
lt;-----,0.002234634089097207,+,1,1,1.0,0.0,False
antonio,0.002234634089097207,+,1,1,1.0,0.0,False
robbin,0.002234634089097207,+,1,1,1.0,0.0,False
m&amp;m,0.002234634089097207,+,1,1,1.0,0.0,False
nawl,0.002234634089097207,+,1,1,1.0,0.0,False
september,0.002234634089097207,+,1,1,1.0,0.0,False
hardly,0.002234634089097207,+,1,1,1.0,0.0,False
houseeee,0.002234634089097207,+,1,1,1.0,0.0,False
minor,0.002234634089097207,+,1,1,1.0,0.0,False
dreads,0.002234634089097207,+,1,1,1.0,0.0,False
losers,0.002234634089097207,+,1,1,1.0,0.0,False
9825;&#9825,0.002234634089097207,+,1,1,1.0,0.0,False
strippers,0.002234634089097207,+,1,1,1.0,0.0,False
128293,0.002234634089097207,+,1,1,1.0,0.0,False
azalea,0.002234634089097207,+,1,1,1.0,0.0,False
8221;lol,0.002234634089097207,+,1,1,1.0,0.0,False
claims,0.002234634089097207,+,1,1,1.0,0.0,False
aux,0.002234634089097207,+,1,1,1.0,0.0,False
politics,0.002234634089097207,+,1,1,1.0,0.0,False
rapping,0.002234634089097207,+,1,1,1.0,0.0,False
emotion,0.002234634089097207,+,1,1,1.0,0.0,False
shits,0.002234634089097207,+,1,1,1.0,0.0,False
missed,0.002234634089097207,+,1,1,1.0,0.0,False
bm,0.002234634089097207,+,1,1,1.0,0.0,False
proven,0.002234634089097207,+,1,1,1.0,0.0,False
cunts,0.002234634089097207,+,1,1,1.0,0.0,False
bol,0.002234634089097207,+,1,1,1.0,0.0,False
flow,0.002234634089097207,+,1,1,1.0,0.0,False
dating,0.002234634089097207,+,1,1,1.0,0.0,False
niggers,0.002234634089097207,+,1,1,1.0,0.0,False
killin,0.002234634089097207,+,1,1,1.0,0.0,False
128536,0.002234634089097207,+,1,1,1.0,0.0,False
hitting,0.002234634089097207,+,1,1,1.0,0.0,False
folks,0.002234634089097207,+,1,1,1.0,0.0,False
128064,0.002234634089097207,+,1,1,1.0,0.0,False
suppose,0.002234634089097207,+,1,1,1.0,0.0,False
cash,0.002234634089097207,+,1,1,1.0,0.0,False
whip,0.002234634089097207,+,1,1,1.0,0.0,False
years,0.002234634089097207,+,1,1,1.0,0.0,False
brown,0.002231609188241432,-,1,1,0.0,1.0,False
chase,0.0022177765650006733,+,1,1,1.0,0.0,False
blunt,0.0022177765650006733,+,1,1,1.0,0.0,False
sucka,0.0022177765650006733,+,1,1,1.0,0.0,False
bench,0.0022177765650006733,+,1,2,0.5,0.5,True
smashed,0.0022177765650006733,+,1,2,0.5,0.5,True
codes,0.0022177765650006733,+,1,2,0.5,0.5,True
injuries,0.0022177765650006733,+,1,1,1.0,0.0,False
groupie,0.0022177765650006733,+,1,1,1.0,0.0,False
raising,0.0022177765650006733,+,1,2,0.5,0.5,True
sucker,0.0022177765650006733,+,1,1,1.0,0.0,False
ol',0.0022177765650006733,+,1,1,1.0,0.0,False
spelling,0.0022177765650006733,+,1,1,1.0,0.0,False
dnt,0.0022177765650006733,+,1,1,1.0,0.0,False
dip,0.0022177765650006733,+,1,1,1.0,0.0,False
twerking,0.0022177765650006733,+,1,1,1.0,0.0,False
shoulda,0.0022177765650006733,+,1,1,1.0,0.0,False
background,0.0022177765650006733,+,1,1,1.0,0.0,False
nigs,0.0022177765650006733,+,1,1,1.0,0.0,False
scared,0.0022177765650006733,+,1,1,1.0,0.0,False
orleans,0.0022177765650006733,+,1,2,0.5,0.5,True
losing,0.0022177765650006733,+,1,1,1.0,0.0,False
don&#8217;t,0.0022177765650006733,+,1,1,1.0,0.0,False
dinner,0.0022177765650006733,+,1,1,1.0,0.0,False
played,0.0022177765650006733,+,1,1,1.0,0.0,False
instagram,0.0022177765650006733,+,1,1,1.0,0.0,False
under,0.0022177765650006733,+,1,1,1.0,0.0,False
w/,0.0022177765650006733,+,1,1,1.0,0.0,False
move,0.002200919040904139,+,1,1,1.0,0.0,False
steak,0.002200919040904139,+,1,1,1.0,0.0,False
trill,0.002200919040904139,+,1,1,1.0,0.0,False
foreign,0.002200919040904139,+,1,1,1.0,0.0,False
unless,0.002200919040904139,+,1,1,1.0,0.0,False
sometimes,0.002200919040904139,+,1,1,1.0,0.0,False
momma,0.002200919040904139,+,1,1,1.0,0.0,False
price,0.002200919040904139,+,1,1,1.0,0.0,False
captain,0.002200919040904139,+,1,1,1.0,0.0,False
early,0.0021978941400483637,-,1,1,0.0,1.0,False
ask,0.002184061516807605,+,1,1,1.0,0.0,False
candy,0.002184061516807605,+,1,2,0.5,0.5,True
says,0.002184061516807605,+,1,1,1.0,0.0,False
128076,0.002184061516807605,+,1,1,1.0,0.0,False
already,0.002184061516807605,+,1,1,1.0,0.0,False
being,0.00218103661595183,-,1,1,0.0,1.0,False
wanna,0.00218103661595183,-,1,1,0.0,1.0,False
mane,0.0021672039927110713,+,1,1,1.0,0.0,False
weed,0.0021672039927110713,+,1,1,1.0,0.0,False
retarded,0.002164179091855296,-,1,5,0.8,0.19999999999999996,True
nope,0.0021503464686145374,+,1,1,1.0,0.0,False
full,0.0021503464686145374,+,1,1,1.0,0.0,False
point,0.0021503464686145374,+,1,1,1.0,0.0,False
house,0.002133488944518003,+,1,2,0.5,0.5,True
booty,0.002133488944518003,+,1,1,1.0,0.0,False
tryna,0.002133488944518003,+,1,1,1.0,0.0,False
@,0.002133488944518003,+,1,1,1.0,0.0,False
oreos,0.002130464043662228,-,1,1,0.0,1.0,False
from,0.002130464043662228,-,1,1,0.0,1.0,False
smoke,0.0021166314204214697,+,1,1,1.0,0.0,False
broke,0.0021166314204214697,+,1,1,1.0,0.0,False
use,0.0021166314204214697,+,1,1,1.0,0.0,False
cause,0.0020997738963249354,+,1,1,1.0,0.0,False
around,0.0020829163722284015,+,1,1,1.0,0.0,False
year,0.0020829163722284015,+,1,2,0.5,0.5,True
suck,0.0020829163722284015,+,1,2,0.5,0.5,True
better,0.002079891471372626,-,1,1,0.0,1.0,False
because,0.0020492013240353338,+,1,1,1.0,0.0,False
girl,0.0020323437999387995,+,1,1,1.0,0.0,False
give,0.0020323437999387995,+,1,1,1.0,0.0,False
twitter,0.0020154862758422656,+,1,1,1.0,0.0,False
god,0.0019986287517457318,+,1,1,1.0,0.0,False
shut,0.0019986287517457318,+,1,1,1.0,0.0,False
still,0.001995603850889956,-,1,1,0.0,1.0,False
lmao,0.0019618888026968883,-,1,1,0.0,1.0,False
said,0.0019480561794561297,+,1,1,1.0,0.0,False
colored,0.0018607436581176847,-,1,1,0.0,1.0,False
ghetto,0.0018607436581176847,-,1,1,0.0,1.0,False
see,0.0018131959866838582,+,1,1,1.0,0.0,False
did,0.001796338462587324,+,1,1,1.0,0.0,False
niggas,0.001796338462587324,+,1,1,1.0,0.0,False
're,0.0017933135617315486,-,1,1,0.0,1.0,False
know,0.0017933135617315486,-,1,1,0.0,1.0,False
have,0.0017933135617315486,-,1,2,0.5,0.5,True
me,0.0017889218468455142,+,2,2,1.0,0.0,False
yankees,0.0017764560376350147,-,1,1,0.0,1.0,False
yellow,0.0017595985135384806,-,1,1,0.0,1.0,False
have,0.0015603331252358485,+,1,2,0.5,0.5,True
charlie,0.0014730206038974035,-,1,1,0.0,1.0,False
love,0.001442330456560111,+,1,1,1.0,0.0,False
but,0.001408615408367043,+,1,1,1.0,0.0,False
get,0.0011557525469190334,+,1,1,1.0,0.0,False
your,0.0010208923541467616,+,1,1,1.0,0.0,False
lol,0.0007680294926987524,+,1,1,1.0,0.0,False
got,0.0006163117758299465,+,1,1,1.0,0.0,False
up,0.0004814515830576749,+,1,1,1.0,0.0,False
all,0.0004814515830576749,+,1,1,1.0,0.0,False
do,0.00014430110112699545,+,1,1,1.0,0.0,False
it,-1.0441516597585565e-05,-,1,1,0.0,1.0,False
's,-0.0004288547181551592,+,1,1,1.0,0.0,False
my,-0.0011705857784026533,+,1,1,1.0,0.0,False
trash,-0.0013759009684168365,-,1,1,0.0,1.0,False
that,-0.001575166356719469,+,1,1,1.0,0.0,False
",",-0.0016119063057683123,-,1,2,0.5,0.5,True
"""",-0.0016257389290090711,+,1,1,1.0,0.0,False
",",-0.0018448867422640124,+,1,2,0.5,0.5,True
!,-0.0030447958539737,-,1,2,0.5,0.5,True
!,-0.0032777762904693994,+,1,2,0.5,0.5,True
you,-0.004070079923006495,+,1,1,1.0,0.0,False
;,-0.004154367543489166,+,1,1,1.0,0.0,False
.,-0.007394037070879462,-,1,2,0.5,0.5,True
.,-0.007627017507375162,+,1,2,0.5,0.5,True
a,-0.007728162651954367,+,1,1,1.0,0.0,False
rt,-0.007812450272437038,+,1,1,1.0,0.0,False
:,-0.009464487633897364,+,1,1,1.0,0.0,False
