,time (minutes),AOPC-global,aggregation
0,1.3168102222711429,0.1380598311462863,$\mathcal{G}_{\mathsf{sq}}$
1,2.6336204445422857,0.1455210676528471,$\mathcal{G}_{\mathsf{sq}}$
2,3.950430666813429,0.151654836763281,$\mathcal{G}_{\mathsf{sq}}$
3,5.267240889084571,0.1455210676528471,$\mathcal{G}_{\mathsf{sq}}$
4,6.5840511113557145,0.1572920172287319,$\mathcal{G}_{\mathsf{sq}}$
5,7.900861333626857,0.1501716827648634,$\mathcal{G}_{\mathsf{sq}}$
6,9.217671555898,0.1572920172287319,$\mathcal{G}_{\mathsf{sq}}$
7,10.534481778169145,0.1572920172287319,$\mathcal{G}_{\mathsf{sq}}$
8,11.851292000440289,0.1572920172287319,$\mathcal{G}_{\mathsf{sq}}$
9,13.168102222711427,0.1572920172287319,$\mathcal{G}_{\mathsf{sq}}$
10,14.484912444982571,0.1546624785174275,$\mathcal{G}_{\mathsf{sq}}$
11,15.801722667253712,0.1546624785174275,$\mathcal{G}_{\mathsf{sq}}$
12,17.118532889524857,0.1572920172287319,$\mathcal{G}_{\mathsf{sq}}$
13,18.435343111796,0.1572920172287319,$\mathcal{G}_{\mathsf{sq}}$
14,19.752153334067145,0.1572920172287319,$\mathcal{G}_{\mathsf{sq}}$
15,21.06896355633829,0.1572920172287319,$\mathcal{G}_{\mathsf{sq}}$
16,22.385773778609423,0.1572920172287319,$\mathcal{G}_{\mathsf{sq}}$
17,23.702584000880574,0.1572920172287319,$\mathcal{G}_{\mathsf{sq}}$
18,25.01939422315172,0.1572920172287319,$\mathcal{G}_{\mathsf{sq}}$
19,26.336204445422855,0.1572920172287319,$\mathcal{G}_{\mathsf{sq}}$
0,1.3168102222711429,0.1685841740956164,$\mathcal{G}_{\mathsf{h}}$
1,2.6336204445422857,0.1830632334756133,$\mathcal{G}_{\mathsf{h}}$
2,3.950430666813429,0.1780192739946525,$\mathcal{G}_{\mathsf{h}}$
3,5.267240889084571,0.1714894448763322,$\mathcal{G}_{\mathsf{h}}$
4,6.5840511113557145,0.1742117438545305,$\mathcal{G}_{\mathsf{h}}$
5,7.900861333626857,0.1744926452208914,$\mathcal{G}_{\mathsf{h}}$
6,9.217671555898,0.1691332040693464,$\mathcal{G}_{\mathsf{h}}$
7,10.534481778169145,0.1680107913112385,$\mathcal{G}_{\mathsf{h}}$
8,11.851292000440289,0.1698109513043302,$\mathcal{G}_{\mathsf{h}}$
9,13.168102222711427,0.1710510755057334,$\mathcal{G}_{\mathsf{h}}$
10,14.484912444982571,0.17520634298207,$\mathcal{G}_{\mathsf{h}}$
11,15.801722667253712,0.1717503592927875,$\mathcal{G}_{\mathsf{h}}$
12,17.118532889524857,0.1742093829989259,$\mathcal{G}_{\mathsf{h}}$
13,18.435343111796,0.1729074626109515,$\mathcal{G}_{\mathsf{h}}$
14,19.752153334067145,0.1678546745162785,$\mathcal{G}_{\mathsf{h}}$
15,21.06896355633829,0.1710339944413638,$\mathcal{G}_{\mathsf{h}}$
16,22.385773778609423,0.1704400583287365,$\mathcal{G}_{\mathsf{h}}$
17,23.702584000880574,0.1704400583287365,$\mathcal{G}_{\mathsf{h}}$
18,25.01939422315172,0.1704400583287365,$\mathcal{G}_{\mathsf{h}}$
19,26.336204445422855,0.1704400583287365,$\mathcal{G}_{\mathsf{h}}$
0,1.3168102222711429,0.1690854825536895,$\mathcal{G}_{\mathsf{pr}}$ α=0.5
1,2.6336204445422857,0.1744789627416143,$\mathcal{G}_{\mathsf{pr}}$ α=0.5
2,3.950430666813429,0.1724384930043048,$\mathcal{G}_{\mathsf{pr}}$ α=0.5
3,5.267240889084571,0.1782097714948359,$\mathcal{G}_{\mathsf{pr}}$ α=0.5
4,6.5840511113557145,0.1782097714948359,$\mathcal{G}_{\mathsf{pr}}$ α=0.5
5,7.900861333626857,0.1782748958049845,$\mathcal{G}_{\mathsf{pr}}$ α=0.5
6,9.217671555898,0.1796011451545482,$\mathcal{G}_{\mathsf{pr}}$ α=0.5
7,10.534481778169145,0.1788374487728393,$\mathcal{G}_{\mathsf{pr}}$ α=0.5
8,11.851292000440289,0.1788374487728393,$\mathcal{G}_{\mathsf{pr}}$ α=0.5
9,13.168102222711427,0.1816239612009704,$\mathcal{G}_{\mathsf{pr}}$ α=0.5
10,14.484912444982571,0.1797059850111781,$\mathcal{G}_{\mathsf{pr}}$ α=0.5
11,15.801722667253712,0.1797059850111781,$\mathcal{G}_{\mathsf{pr}}$ α=0.5
12,17.118532889524857,0.1797059850111781,$\mathcal{G}_{\mathsf{pr}}$ α=0.5
13,18.435343111796,0.1794192566890576,$\mathcal{G}_{\mathsf{pr}}$ α=0.5
14,19.752153334067145,0.1807566602672532,$\mathcal{G}_{\mathsf{pr}}$ α=0.5
15,21.06896355633829,0.1821774781089659,$\mathcal{G}_{\mathsf{pr}}$ α=0.5
16,22.385773778609423,0.1821774781089659,$\mathcal{G}_{\mathsf{pr}}$ α=0.5
17,23.702584000880574,0.1821774781089659,$\mathcal{G}_{\mathsf{pr}}$ α=0.5
18,25.01939422315172,0.1821774781089659,$\mathcal{G}_{\mathsf{pr}}$ α=0.5
19,26.336204445422855,0.1787240790336108,$\mathcal{G}_{\mathsf{pr}}$ α=0.5
0,1.3168102222711429,0.1458428288466334,$\mathcal{G}_{\mathsf{pr}}$ α=0.95
1,2.6336204445422857,0.1476384959529901,$\mathcal{G}_{\mathsf{pr}}$ α=0.95
2,3.950430666813429,0.1543730930144612,$\mathcal{G}_{\mathsf{pr}}$ α=0.95
3,5.267240889084571,0.1455210676528471,$\mathcal{G}_{\mathsf{pr}}$ α=0.95
4,6.5840511113557145,0.1572920172287319,$\mathcal{G}_{\mathsf{pr}}$ α=0.95
5,7.900861333626857,0.1501716827648634,$\mathcal{G}_{\mathsf{pr}}$ α=0.95
6,9.217671555898,0.1572920172287319,$\mathcal{G}_{\mathsf{pr}}$ α=0.95
7,10.534481778169145,0.1572920172287319,$\mathcal{G}_{\mathsf{pr}}$ α=0.95
8,11.851292000440289,0.1572920172287319,$\mathcal{G}_{\mathsf{pr}}$ α=0.95
9,13.168102222711427,0.1572920172287319,$\mathcal{G}_{\mathsf{pr}}$ α=0.95
10,14.484912444982571,0.1546624785174275,$\mathcal{G}_{\mathsf{pr}}$ α=0.95
11,15.801722667253712,0.1546624785174275,$\mathcal{G}_{\mathsf{pr}}$ α=0.95
12,17.118532889524857,0.1546624785174275,$\mathcal{G}_{\mathsf{pr}}$ α=0.95
13,18.435343111796,0.1572920172287319,$\mathcal{G}_{\mathsf{pr}}$ α=0.95
14,19.752153334067145,0.1572920172287319,$\mathcal{G}_{\mathsf{pr}}$ α=0.95
15,21.06896355633829,0.1572920172287319,$\mathcal{G}_{\mathsf{pr}}$ α=0.95
16,22.385773778609423,0.1572920172287319,$\mathcal{G}_{\mathsf{pr}}$ α=0.95
17,23.702584000880574,0.1572920172287319,$\mathcal{G}_{\mathsf{pr}}$ α=0.95
18,25.01939422315172,0.1572920172287319,$\mathcal{G}_{\mathsf{pr}}$ α=0.95
19,26.336204445422855,0.1572920172287319,$\mathcal{G}_{\mathsf{pr}}$ α=0.95
0,1.3168102222711429,0.000692402045208,$\mathcal{G}_{\mathsf{av}}$
1,2.6336204445422857,0.0006101715739555,$\mathcal{G}_{\mathsf{av}}$
2,3.950430666813429,0.0010176389359018,$\mathcal{G}_{\mathsf{av}}$
3,5.267240889084571,0.0015205931831246,$\mathcal{G}_{\mathsf{av}}$
4,6.5840511113557145,0.0020282832209937,$\mathcal{G}_{\mathsf{av}}$
5,7.900861333626857,0.0015942083280946,$\mathcal{G}_{\mathsf{av}}$
6,9.217671555898,0.0011589676046435,$\mathcal{G}_{\mathsf{av}}$
7,10.534481778169145,0.0011538433333548,$\mathcal{G}_{\mathsf{av}}$
8,11.851292000440289,0.0010392563857006,$\mathcal{G}_{\mathsf{av}}$
9,13.168102222711427,0.0026372065375844,$\mathcal{G}_{\mathsf{av}}$
10,14.484912444982571,0.0023788732692023,$\mathcal{G}_{\mathsf{av}}$
11,15.801722667253712,0.0010145847908538,$\mathcal{G}_{\mathsf{av}}$
12,17.118532889524857,0.0010145847908538,$\mathcal{G}_{\mathsf{av}}$
13,18.435343111796,0.0011370672699807,$\mathcal{G}_{\mathsf{av}}$
14,19.752153334067145,0.0007204691614191,$\mathcal{G}_{\mathsf{av}}$
15,21.06896355633829,0.0007407361468921,$\mathcal{G}_{\mathsf{av}}$
16,22.385773778609423,0.0002538008639729,$\mathcal{G}_{\mathsf{av}}$
17,23.702584000880574,0.0002040541294015,$\mathcal{G}_{\mathsf{av}}$
18,25.01939422315172,0.000516436413786,$\mathcal{G}_{\mathsf{av}}$
19,26.336204445422855,0.0003896578765172,$\mathcal{G}_{\mathsf{av}}$
0,1.3168102222711429,0.0028056007420253,$\mathcal{G}^{+5}_{\mathsf{av}}$
1,2.6336204445422857,0.0079246767655739,$\mathcal{G}^{+5}_{\mathsf{av}}$
2,3.950430666813429,0.0185159410094824,$\mathcal{G}^{+5}_{\mathsf{av}}$
3,5.267240889084571,0.0179967453823472,$\mathcal{G}^{+5}_{\mathsf{av}}$
4,6.5840511113557145,0.0184755704999435,$\mathcal{G}^{+5}_{\mathsf{av}}$
5,7.900861333626857,0.0203679952989668,$\mathcal{G}^{+5}_{\mathsf{av}}$
6,9.217671555898,0.0191323517733309,$\mathcal{G}^{+5}_{\mathsf{av}}$
7,10.534481778169145,0.0214038896999168,$\mathcal{G}^{+5}_{\mathsf{av}}$
8,11.851292000440289,0.0210433042345588,$\mathcal{G}^{+5}_{\mathsf{av}}$
9,13.168102222711427,0.0208490014496095,$\mathcal{G}^{+5}_{\mathsf{av}}$
10,14.484912444982571,0.02103833325293,$\mathcal{G}^{+5}_{\mathsf{av}}$
11,15.801722667253712,0.0210926480818436,$\mathcal{G}^{+5}_{\mathsf{av}}$
12,17.118532889524857,0.0220117558576399,$\mathcal{G}^{+5}_{\mathsf{av}}$
13,18.435343111796,0.0221433981171914,$\mathcal{G}^{+5}_{\mathsf{av}}$
14,19.752153334067145,0.0224164667618188,$\mathcal{G}^{+5}_{\mathsf{av}}$
15,21.06896355633829,0.0828058789399489,$\mathcal{G}^{+5}_{\mathsf{av}}$
16,22.385773778609423,0.0816166561921278,$\mathcal{G}^{+5}_{\mathsf{av}}$
17,23.702584000880574,0.0816166561921278,$\mathcal{G}^{+5}_{\mathsf{av}}$
18,25.01939422315172,0.0816166561921278,$\mathcal{G}^{+5}_{\mathsf{av}}$
19,26.336204445422855,0.0904162409757711,$\mathcal{G}^{+5}_{\mathsf{av}}$
0,1.3168102222711429,0.147372805479556,$\mathcal{G}_{\mathsf{sq}}$
1,2.6336204445422857,0.1572920172287319,$\mathcal{G}_{\mathsf{sq}}$
2,3.950430666813429,0.1455210676528471,$\mathcal{G}_{\mathsf{sq}}$
3,5.267240889084571,0.1393797198941083,$\mathcal{G}_{\mathsf{sq}}$
4,6.5840511113557145,0.1393797198941083,$\mathcal{G}_{\mathsf{sq}}$
5,7.900861333626857,0.1506439608274501,$\mathcal{G}_{\mathsf{sq}}$
6,9.217671555898,0.1506439608274501,$\mathcal{G}_{\mathsf{sq}}$
7,10.534481778169145,0.1506439608274501,$\mathcal{G}_{\mathsf{sq}}$
8,11.851292000440289,0.1506439608274501,$\mathcal{G}_{\mathsf{sq}}$
9,13.168102222711427,0.1506439608274501,$\mathcal{G}_{\mathsf{sq}}$
10,14.484912444982571,0.1506439608274501,$\mathcal{G}_{\mathsf{sq}}$
11,15.801722667253712,0.1506439608274501,$\mathcal{G}_{\mathsf{sq}}$
12,17.118532889524857,0.1506439608274501,$\mathcal{G}_{\mathsf{sq}}$
13,18.435343111796,0.1506439608274501,$\mathcal{G}_{\mathsf{sq}}$
14,19.752153334067145,0.1506439608274501,$\mathcal{G}_{\mathsf{sq}}$
15,21.06896355633829,0.1506439608274501,$\mathcal{G}_{\mathsf{sq}}$
16,22.385773778609423,0.1506439608274501,$\mathcal{G}_{\mathsf{sq}}$
17,23.702584000880574,0.1506439608274501,$\mathcal{G}_{\mathsf{sq}}$
18,25.01939422315172,0.1506439608274501,$\mathcal{G}_{\mathsf{sq}}$
19,26.336204445422855,0.1506439608274501,$\mathcal{G}_{\mathsf{sq}}$
0,1.3168102222711429,0.1619160481352166,$\mathcal{G}_{\mathsf{h}}$
1,2.6336204445422857,0.1848120120859103,$\mathcal{G}_{\mathsf{h}}$
2,3.950430666813429,0.1792582806870616,$\mathcal{G}_{\mathsf{h}}$
3,5.267240889084571,0.1717692130375515,$\mathcal{G}_{\mathsf{h}}$
4,6.5840511113557145,0.1717692130375515,$\mathcal{G}_{\mathsf{h}}$
5,7.900861333626857,0.1716023148183095,$\mathcal{G}_{\mathsf{h}}$
6,9.217671555898,0.1733702892994041,$\mathcal{G}_{\mathsf{h}}$
7,10.534481778169145,0.1731721214331144,$\mathcal{G}_{\mathsf{h}}$
8,11.851292000440289,0.1726124434215146,$\mathcal{G}_{\mathsf{h}}$
9,13.168102222711427,0.1758103842323941,$\mathcal{G}_{\mathsf{h}}$
10,14.484912444982571,0.1763044633003054,$\mathcal{G}_{\mathsf{h}}$
11,15.801722667253712,0.1786898422960854,$\mathcal{G}_{\mathsf{h}}$
12,17.118532889524857,0.1763044633003054,$\mathcal{G}_{\mathsf{h}}$
13,18.435343111796,0.1763044633003054,$\mathcal{G}_{\mathsf{h}}$
14,19.752153334067145,0.1745319383887594,$\mathcal{G}_{\mathsf{h}}$
15,21.06896355633829,0.1756874228329432,$\mathcal{G}_{\mathsf{h}}$
16,22.385773778609423,0.1790851378165325,$\mathcal{G}_{\mathsf{h}}$
17,23.702584000880574,0.1790851378165325,$\mathcal{G}_{\mathsf{h}}$
18,25.01939422315172,0.1756874228329432,$\mathcal{G}_{\mathsf{h}}$
19,26.336204445422855,0.1756874228329432,$\mathcal{G}_{\mathsf{h}}$
0,1.3168102222711429,0.1717882564679453,$\mathcal{G}_{\mathsf{pr}}$ α=0.5
1,2.6336204445422857,0.1791890509584902,$\mathcal{G}_{\mathsf{pr}}$ α=0.5
2,3.950430666813429,0.1779072064762874,$\mathcal{G}_{\mathsf{pr}}$ α=0.5
3,5.267240889084571,0.1779072064762874,$\mathcal{G}_{\mathsf{pr}}$ α=0.5
4,6.5840511113557145,0.1779072064762874,$\mathcal{G}_{\mathsf{pr}}$ α=0.5
5,7.900861333626857,0.1779072064762874,$\mathcal{G}_{\mathsf{pr}}$ α=0.5
6,9.217671555898,0.1743160506015227,$\mathcal{G}_{\mathsf{pr}}$ α=0.5
7,10.534481778169145,0.1782411525842393,$\mathcal{G}_{\mathsf{pr}}$ α=0.5
8,11.851292000440289,0.182036057053713,$\mathcal{G}_{\mathsf{pr}}$ α=0.5
9,13.168102222711427,0.1806052995810201,$\mathcal{G}_{\mathsf{pr}}$ α=0.5
10,14.484912444982571,0.1853374856227141,$\mathcal{G}_{\mathsf{pr}}$ α=0.5
11,15.801722667253712,0.1806301747659468,$\mathcal{G}_{\mathsf{pr}}$ α=0.5
12,17.118532889524857,0.1853374856227141,$\mathcal{G}_{\mathsf{pr}}$ α=0.5
13,18.435343111796,0.1830072839833868,$\mathcal{G}_{\mathsf{pr}}$ α=0.5
14,19.752153334067145,0.1830072839833868,$\mathcal{G}_{\mathsf{pr}}$ α=0.5
15,21.06896355633829,0.1830072839833868,$\mathcal{G}_{\mathsf{pr}}$ α=0.5
16,22.385773778609423,0.1830072839833868,$\mathcal{G}_{\mathsf{pr}}$ α=0.5
17,23.702584000880574,0.1830072839833868,$\mathcal{G}_{\mathsf{pr}}$ α=0.5
18,25.01939422315172,0.1830072839833868,$\mathcal{G}_{\mathsf{pr}}$ α=0.5
19,26.336204445422855,0.1816222589137906,$\mathcal{G}_{\mathsf{pr}}$ α=0.5
0,1.3168102222711429,0.1484588551728956,$\mathcal{G}_{\mathsf{pr}}$ α=0.95
1,2.6336204445422857,0.1572920172287319,$\mathcal{G}_{\mathsf{pr}}$ α=0.95
2,3.950430666813429,0.151654836763281,$\mathcal{G}_{\mathsf{pr}}$ α=0.95
3,5.267240889084571,0.1455210676528471,$\mathcal{G}_{\mathsf{pr}}$ α=0.95
4,6.5840511113557145,0.1453492218695238,$\mathcal{G}_{\mathsf{pr}}$ α=0.95
5,7.900861333626857,0.1501716827648634,$\mathcal{G}_{\mathsf{pr}}$ α=0.95
6,9.217671555898,0.1576987952875495,$\mathcal{G}_{\mathsf{pr}}$ α=0.95
7,10.534481778169145,0.1576987952875495,$\mathcal{G}_{\mathsf{pr}}$ α=0.95
8,11.851292000440289,0.1546624785174275,$\mathcal{G}_{\mathsf{pr}}$ α=0.95
9,13.168102222711427,0.1546624785174275,$\mathcal{G}_{\mathsf{pr}}$ α=0.95
10,14.484912444982571,0.1546624785174275,$\mathcal{G}_{\mathsf{pr}}$ α=0.95
11,15.801722667253712,0.1546624785174275,$\mathcal{G}_{\mathsf{pr}}$ α=0.95
12,17.118532889524857,0.1546624785174275,$\mathcal{G}_{\mathsf{pr}}$ α=0.95
13,18.435343111796,0.1546624785174275,$\mathcal{G}_{\mathsf{pr}}$ α=0.95
14,19.752153334067145,0.1506439608274501,$\mathcal{G}_{\mathsf{pr}}$ α=0.95
15,21.06896355633829,0.1506439608274501,$\mathcal{G}_{\mathsf{pr}}$ α=0.95
16,22.385773778609423,0.1506439608274501,$\mathcal{G}_{\mathsf{pr}}$ α=0.95
17,23.702584000880574,0.1506439608274501,$\mathcal{G}_{\mathsf{pr}}$ α=0.95
18,25.01939422315172,0.1572920172287319,$\mathcal{G}_{\mathsf{pr}}$ α=0.95
19,26.336204445422855,0.1506439608274501,$\mathcal{G}_{\mathsf{pr}}$ α=0.95
0,1.3168102222711429,0.0003033882685242,$\mathcal{G}_{\mathsf{av}}$
1,2.6336204445422857,0.0003939722124603,$\mathcal{G}_{\mathsf{av}}$
2,3.950430666813429,0.0001879770958911,$\mathcal{G}_{\mathsf{av}}$
3,5.267240889084571,0.0010948985022973,$\mathcal{G}_{\mathsf{av}}$
4,6.5840511113557145,0.0016025399991468,$\mathcal{G}_{\mathsf{av}}$
5,7.900861333626857,0.00103052996836,$\mathcal{G}_{\mathsf{av}}$
6,9.217671555898,0.0010285995097967,$\mathcal{G}_{\mathsf{av}}$
7,10.534481778169145,0.0010144850858627,$\mathcal{G}_{\mathsf{av}}$
8,11.851292000440289,0.0010144850858627,$\mathcal{G}_{\mathsf{av}}$
9,13.168102222711427,0.0019939374713403,$\mathcal{G}_{\mathsf{av}}$
10,14.484912444982571,0.0017376521257064,$\mathcal{G}_{\mathsf{av}}$
11,15.801722667253712,0.0002474812848992,$\mathcal{G}_{\mathsf{av}}$
12,17.118532889524857,0.0004602612937086,$\mathcal{G}_{\mathsf{av}}$
13,18.435343111796,0.0003508485434338,$\mathcal{G}_{\mathsf{av}}$
14,19.752153334067145,0.0004795888876155,$\mathcal{G}_{\mathsf{av}}$
15,21.06896355633829,0.0005368720507116,$\mathcal{G}_{\mathsf{av}}$
16,22.385773778609423,0.0002892578477087,$\mathcal{G}_{\mathsf{av}}$
17,23.702584000880574,0.0004427904509867,$\mathcal{G}_{\mathsf{av}}$
18,25.01939422315172,0.0004909199499961,$\mathcal{G}_{\mathsf{av}}$
19,26.336204445422855,0.0004909199499961,$\mathcal{G}_{\mathsf{av}}$
0,1.3168102222711429,0.0026762895058414,$\mathcal{G}^{+5}_{\mathsf{av}}$
1,2.6336204445422857,0.0131826944762524,$\mathcal{G}^{+5}_{\mathsf{av}}$
2,3.950430666813429,0.0158462623598063,$\mathcal{G}^{+5}_{\mathsf{av}}$
3,5.267240889084571,0.0178293973684518,$\mathcal{G}^{+5}_{\mathsf{av}}$
4,6.5840511113557145,0.0187949320481959,$\mathcal{G}^{+5}_{\mathsf{av}}$
5,7.900861333626857,0.020434280421697,$\mathcal{G}^{+5}_{\mathsf{av}}$
6,9.217671555898,0.020831897737794,$\mathcal{G}^{+5}_{\mathsf{av}}$
7,10.534481778169145,0.0216395444641204,$\mathcal{G}^{+5}_{\mathsf{av}}$
8,11.851292000440289,0.0217183858461703,$\mathcal{G}^{+5}_{\mathsf{av}}$
9,13.168102222711427,0.0200247362630908,$\mathcal{G}^{+5}_{\mathsf{av}}$
10,14.484912444982571,0.0215327358643686,$\mathcal{G}^{+5}_{\mathsf{av}}$
11,15.801722667253712,0.0216714437569704,$\mathcal{G}^{+5}_{\mathsf{av}}$
12,17.118532889524857,0.0225430260602471,$\mathcal{G}^{+5}_{\mathsf{av}}$
13,18.435343111796,0.0218645702820375,$\mathcal{G}^{+5}_{\mathsf{av}}$
14,19.752153334067145,0.0224632967439241,$\mathcal{G}^{+5}_{\mathsf{av}}$
15,21.06896355633829,0.0828899396617852,$\mathcal{G}^{+5}_{\mathsf{av}}$
16,22.385773778609423,0.0828874965570019,$\mathcal{G}^{+5}_{\mathsf{av}}$
17,23.702584000880574,0.0826366502156819,$\mathcal{G}^{+5}_{\mathsf{av}}$
18,25.01939422315172,0.0915972179025856,$\mathcal{G}^{+5}_{\mathsf{av}}$
19,26.336204445422855,0.0930787388014545,$\mathcal{G}^{+5}_{\mathsf{av}}$
0,1.3168102222711429,0.1278890505715815,$\mathcal{G}_{\mathsf{sq}}$
1,2.6336204445422857,0.1424822419997772,$\mathcal{G}_{\mathsf{sq}}$
2,3.950430666813429,0.1572920172287319,$\mathcal{G}_{\mathsf{sq}}$
3,5.267240889084571,0.1423450011562507,$\mathcal{G}_{\mathsf{sq}}$
4,6.5840511113557145,0.1576987952875495,$\mathcal{G}_{\mathsf{sq}}$
5,7.900861333626857,0.1506439608274501,$\mathcal{G}_{\mathsf{sq}}$
6,9.217671555898,0.1506439608274501,$\mathcal{G}_{\mathsf{sq}}$
7,10.534481778169145,0.1506439608274501,$\mathcal{G}_{\mathsf{sq}}$
8,11.851292000440289,0.1506439608274501,$\mathcal{G}_{\mathsf{sq}}$
9,13.168102222711427,0.1506439608274501,$\mathcal{G}_{\mathsf{sq}}$
10,14.484912444982571,0.1506439608274501,$\mathcal{G}_{\mathsf{sq}}$
11,15.801722667253712,0.1546624785174275,$\mathcal{G}_{\mathsf{sq}}$
12,17.118532889524857,0.1506439608274501,$\mathcal{G}_{\mathsf{sq}}$
13,18.435343111796,0.1506439608274501,$\mathcal{G}_{\mathsf{sq}}$
14,19.752153334067145,0.1506439608274501,$\mathcal{G}_{\mathsf{sq}}$
15,21.06896355633829,0.1506439608274501,$\mathcal{G}_{\mathsf{sq}}$
16,22.385773778609423,0.1506439608274501,$\mathcal{G}_{\mathsf{sq}}$
17,23.702584000880574,0.1506439608274501,$\mathcal{G}_{\mathsf{sq}}$
18,25.01939422315172,0.1572920172287319,$\mathcal{G}_{\mathsf{sq}}$
19,26.336204445422855,0.1572920172287319,$\mathcal{G}_{\mathsf{sq}}$
0,1.3168102222711429,0.1539737534883467,$\mathcal{G}_{\mathsf{h}}$
1,2.6336204445422857,0.1613115563013417,$\mathcal{G}_{\mathsf{h}}$
2,3.950430666813429,0.1716817263881779,$\mathcal{G}_{\mathsf{h}}$
3,5.267240889084571,0.1838017236293124,$\mathcal{G}_{\mathsf{h}}$
4,6.5840511113557145,0.1720177417709966,$\mathcal{G}_{\mathsf{h}}$
5,7.900861333626857,0.1709682576632579,$\mathcal{G}_{\mathsf{h}}$
6,9.217671555898,0.1683363146871336,$\mathcal{G}_{\mathsf{h}}$
7,10.534481778169145,0.1683363146871336,$\mathcal{G}_{\mathsf{h}}$
8,11.851292000440289,0.1683363146871336,$\mathcal{G}_{\mathsf{h}}$
9,13.168102222711427,0.1683363146871336,$\mathcal{G}_{\mathsf{h}}$
10,14.484912444982571,0.1683363146871336,$\mathcal{G}_{\mathsf{h}}$
11,15.801722667253712,0.1683363146871336,$\mathcal{G}_{\mathsf{h}}$
12,17.118532889524857,0.1683363146871336,$\mathcal{G}_{\mathsf{h}}$
13,18.435343111796,0.1659088256478208,$\mathcal{G}_{\mathsf{h}}$
14,19.752153334067145,0.1736295980019066,$\mathcal{G}_{\mathsf{h}}$
15,21.06896355633829,0.1736295980019066,$\mathcal{G}_{\mathsf{h}}$
16,22.385773778609423,0.1736295980019066,$\mathcal{G}_{\mathsf{h}}$
17,23.702584000880574,0.1736295980019066,$\mathcal{G}_{\mathsf{h}}$
18,25.01939422315172,0.1717905579889304,$\mathcal{G}_{\mathsf{h}}$
19,26.336204445422855,0.1717905579889304,$\mathcal{G}_{\mathsf{h}}$
0,1.3168102222711429,0.1628703257585746,$\mathcal{G}_{\mathsf{pr}}$ α=0.5
1,2.6336204445422857,0.1735639144341403,$\mathcal{G}_{\mathsf{pr}}$ α=0.5
2,3.950430666813429,0.1732925055537959,$\mathcal{G}_{\mathsf{pr}}$ α=0.5
3,5.267240889084571,0.1783262324551752,$\mathcal{G}_{\mathsf{pr}}$ α=0.5
4,6.5840511113557145,0.1754273892565079,$\mathcal{G}_{\mathsf{pr}}$ α=0.5
5,7.900861333626857,0.1708381300336232,$\mathcal{G}_{\mathsf{pr}}$ α=0.5
6,9.217671555898,0.1663025173834075,$\mathcal{G}_{\mathsf{pr}}$ α=0.5
7,10.534481778169145,0.1725396835584047,$\mathcal{G}_{\mathsf{pr}}$ α=0.5
8,11.851292000440289,0.1726574183760963,$\mathcal{G}_{\mathsf{pr}}$ α=0.5
9,13.168102222711427,0.1726574183760963,$\mathcal{G}_{\mathsf{pr}}$ α=0.5
10,14.484912444982571,0.1732535393344214,$\mathcal{G}_{\mathsf{pr}}$ α=0.5
11,15.801722667253712,0.1732535393344214,$\mathcal{G}_{\mathsf{pr}}$ α=0.5
12,17.118532889524857,0.1752694170088668,$\mathcal{G}_{\mathsf{pr}}$ α=0.5
13,18.435343111796,0.1772683856099729,$\mathcal{G}_{\mathsf{pr}}$ α=0.5
14,19.752153334067145,0.1769699607263655,$\mathcal{G}_{\mathsf{pr}}$ α=0.5
15,21.06896355633829,0.1769699607263655,$\mathcal{G}_{\mathsf{pr}}$ α=0.5
16,22.385773778609423,0.1769699607263655,$\mathcal{G}_{\mathsf{pr}}$ α=0.5
17,23.702584000880574,0.1769067322771261,$\mathcal{G}_{\mathsf{pr}}$ α=0.5
18,25.01939422315172,0.1769067322771261,$\mathcal{G}_{\mathsf{pr}}$ α=0.5
19,26.336204445422855,0.1769067322771261,$\mathcal{G}_{\mathsf{pr}}$ α=0.5
0,1.3168102222711429,0.143650579600605,$\mathcal{G}_{\mathsf{pr}}$ α=0.95
1,2.6336204445422857,0.1572920172287319,$\mathcal{G}_{\mathsf{pr}}$ α=0.95
2,3.950430666813429,0.1572920172287319,$\mathcal{G}_{\mathsf{pr}}$ α=0.95
3,5.267240889084571,0.1521182161628259,$\mathcal{G}_{\mathsf{pr}}$ α=0.95
4,6.5840511113557145,0.1576987952875495,$\mathcal{G}_{\mathsf{pr}}$ α=0.95
5,7.900861333626857,0.1576987952875495,$\mathcal{G}_{\mathsf{pr}}$ α=0.95
6,9.217671555898,0.1576987952875495,$\mathcal{G}_{\mathsf{pr}}$ α=0.95
7,10.534481778169145,0.1576987952875495,$\mathcal{G}_{\mathsf{pr}}$ α=0.95
8,11.851292000440289,0.1546624785174275,$\mathcal{G}_{\mathsf{pr}}$ α=0.95
9,13.168102222711427,0.1546624785174275,$\mathcal{G}_{\mathsf{pr}}$ α=0.95
10,14.484912444982571,0.1546624785174275,$\mathcal{G}_{\mathsf{pr}}$ α=0.95
11,15.801722667253712,0.1546624785174275,$\mathcal{G}_{\mathsf{pr}}$ α=0.95
12,17.118532889524857,0.1546624785174275,$\mathcal{G}_{\mathsf{pr}}$ α=0.95
13,18.435343111796,0.1546624785174275,$\mathcal{G}_{\mathsf{pr}}$ α=0.95
14,19.752153334067145,0.1546624785174275,$\mathcal{G}_{\mathsf{pr}}$ α=0.95
15,21.06896355633829,0.1572920172287319,$\mathcal{G}_{\mathsf{pr}}$ α=0.95
16,22.385773778609423,0.1572920172287319,$\mathcal{G}_{\mathsf{pr}}$ α=0.95
17,23.702584000880574,0.1572920172287319,$\mathcal{G}_{\mathsf{pr}}$ α=0.95
18,25.01939422315172,0.1572920172287319,$\mathcal{G}_{\mathsf{pr}}$ α=0.95
19,26.336204445422855,0.1572920172287319,$\mathcal{G}_{\mathsf{pr}}$ α=0.95
0,1.3168102222711429,0.0008155747749347,$\mathcal{G}_{\mathsf{av}}$
1,2.6336204445422857,0.0006900577601564,$\mathcal{G}_{\mathsf{av}}$
2,3.950430666813429,0.0019939333719856,$\mathcal{G}_{\mathsf{av}}$
3,5.267240889084571,0.001474048372627,$\mathcal{G}_{\mathsf{av}}$
4,6.5840511113557145,0.0020143850714459,$\mathcal{G}_{\mathsf{av}}$
5,7.900861333626857,0.001374100811987,$\mathcal{G}_{\mathsf{av}}$
6,9.217671555898,0.0009371697597709,$\mathcal{G}_{\mathsf{av}}$
7,10.534481778169145,0.00093278802207,$\mathcal{G}_{\mathsf{av}}$
8,11.851292000440289,0.00093278802207,$\mathcal{G}_{\mathsf{av}}$
9,13.168102222711427,0.0005001926422966,$\mathcal{G}_{\mathsf{av}}$
10,14.484912444982571,0.0005001926422966,$\mathcal{G}_{\mathsf{av}}$
11,15.801722667253712,0.0011279238700324,$\mathcal{G}_{\mathsf{av}}$
12,17.118532889524857,0.000960761118911,$\mathcal{G}_{\mathsf{av}}$
13,18.435343111796,0.0009686554982758,$\mathcal{G}_{\mathsf{av}}$
14,19.752153334067145,0.0002722933659708,$\mathcal{G}_{\mathsf{av}}$
15,21.06896355633829,0.0003534329709908,$\mathcal{G}_{\mathsf{av}}$
16,22.385773778609423,0.0002328846296544,$\mathcal{G}_{\mathsf{av}}$
17,23.702584000880574,0.0004335681994134,$\mathcal{G}_{\mathsf{av}}$
18,25.01939422315172,0.001298164003203,$\mathcal{G}_{\mathsf{av}}$
19,26.336204445422855,0.0004483175894426,$\mathcal{G}_{\mathsf{av}}$
0,1.3168102222711429,0.0041473029835775,$\mathcal{G}^{+5}_{\mathsf{av}}$
1,2.6336204445422857,0.0134374868818847,$\mathcal{G}^{+5}_{\mathsf{av}}$
2,3.950430666813429,0.0156724950885839,$\mathcal{G}^{+5}_{\mathsf{av}}$
3,5.267240889084571,0.0149315980764983,$\mathcal{G}^{+5}_{\mathsf{av}}$
4,6.5840511113557145,0.0203706512991137,$\mathcal{G}^{+5}_{\mathsf{av}}$
5,7.900861333626857,0.0219384602039645,$\mathcal{G}^{+5}_{\mathsf{av}}$
6,9.217671555898,0.0216732432884696,$\mathcal{G}^{+5}_{\mathsf{av}}$
7,10.534481778169145,0.0219925370961088,$\mathcal{G}^{+5}_{\mathsf{av}}$
8,11.851292000440289,0.0224328135654347,$\mathcal{G}^{+5}_{\mathsf{av}}$
9,13.168102222711427,0.0212143611307443,$\mathcal{G}^{+5}_{\mathsf{av}}$
10,14.484912444982571,0.0223384619798487,$\mathcal{G}^{+5}_{\mathsf{av}}$
11,15.801722667253712,0.0224601284795636,$\mathcal{G}^{+5}_{\mathsf{av}}$
12,17.118532889524857,0.0819900418465481,$\mathcal{G}^{+5}_{\mathsf{av}}$
13,18.435343111796,0.0226622704795607,$\mathcal{G}^{+5}_{\mathsf{av}}$
14,19.752153334067145,0.0821977768677343,$\mathcal{G}^{+5}_{\mathsf{av}}$
15,21.06896355633829,0.0821715139984055,$\mathcal{G}^{+5}_{\mathsf{av}}$
16,22.385773778609423,0.0916973015030336,$\mathcal{G}^{+5}_{\mathsf{av}}$
17,23.702584000880574,0.0916973015030336,$\mathcal{G}^{+5}_{\mathsf{av}}$
18,25.01939422315172,0.0831491636817045,$\mathcal{G}^{+5}_{\mathsf{av}}$
19,26.336204445422855,0.0899064480594447,$\mathcal{G}^{+5}_{\mathsf{av}}$
0,1.3168102222711429,0.147372805479556,$\mathcal{G}_{\mathsf{sq}}$
1,2.6336204445422857,0.1506439608274501,$\mathcal{G}_{\mathsf{sq}}$
2,3.950430666813429,0.1457616581000184,$\mathcal{G}_{\mathsf{sq}}$
3,5.267240889084571,0.1457616581000184,$\mathcal{G}_{\mathsf{sq}}$
4,6.5840511113557145,0.1506439608274501,$\mathcal{G}_{\mathsf{sq}}$
5,7.900861333626857,0.1506439608274501,$\mathcal{G}_{\mathsf{sq}}$
6,9.217671555898,0.1506439608274501,$\mathcal{G}_{\mathsf{sq}}$
7,10.534481778169145,0.1506439608274501,$\mathcal{G}_{\mathsf{sq}}$
8,11.851292000440289,0.1506439608274501,$\mathcal{G}_{\mathsf{sq}}$
9,13.168102222711427,0.1506439608274501,$\mathcal{G}_{\mathsf{sq}}$
10,14.484912444982571,0.1506439608274501,$\mathcal{G}_{\mathsf{sq}}$
11,15.801722667253712,0.1506439608274501,$\mathcal{G}_{\mathsf{sq}}$
12,17.118532889524857,0.1506439608274501,$\mathcal{G}_{\mathsf{sq}}$
13,18.435343111796,0.1506439608274501,$\mathcal{G}_{\mathsf{sq}}$
14,19.752153334067145,0.1506439608274501,$\mathcal{G}_{\mathsf{sq}}$
15,21.06896355633829,0.1506439608274501,$\mathcal{G}_{\mathsf{sq}}$
16,22.385773778609423,0.1506439608274501,$\mathcal{G}_{\mathsf{sq}}$
17,23.702584000880574,0.1506439608274501,$\mathcal{G}_{\mathsf{sq}}$
18,25.01939422315172,0.1506439608274501,$\mathcal{G}_{\mathsf{sq}}$
19,26.336204445422855,0.1506439608274501,$\mathcal{G}_{\mathsf{sq}}$
0,1.3168102222711429,0.1548822155590802,$\mathcal{G}_{\mathsf{h}}$
1,2.6336204445422857,0.1758625253501828,$\mathcal{G}_{\mathsf{h}}$
2,3.950430666813429,0.1672174154225929,$\mathcal{G}_{\mathsf{h}}$
3,5.267240889084571,0.1641345687089842,$\mathcal{G}_{\mathsf{h}}$
4,6.5840511113557145,0.16200066297916,$\mathcal{G}_{\mathsf{h}}$
5,7.900861333626857,0.15981109997876,$\mathcal{G}_{\mathsf{h}}$
6,9.217671555898,0.1635815293317414,$\mathcal{G}_{\mathsf{h}}$
7,10.534481778169145,0.1614398571213621,$\mathcal{G}_{\mathsf{h}}$
8,11.851292000440289,0.1610166825798317,$\mathcal{G}_{\mathsf{h}}$
9,13.168102222711427,0.1630532586369441,$\mathcal{G}_{\mathsf{h}}$
10,14.484912444982571,0.1732084955585958,$\mathcal{G}_{\mathsf{h}}$
11,15.801722667253712,0.177412135181329,$\mathcal{G}_{\mathsf{h}}$
12,17.118532889524857,0.177412135181329,$\mathcal{G}_{\mathsf{h}}$
13,18.435343111796,0.1688131932185083,$\mathcal{G}_{\mathsf{h}}$
14,19.752153334067145,0.1688131932185083,$\mathcal{G}_{\mathsf{h}}$
15,21.06896355633829,0.1688131932185083,$\mathcal{G}_{\mathsf{h}}$
16,22.385773778609423,0.1688131932185083,$\mathcal{G}_{\mathsf{h}}$
17,23.702584000880574,0.1688131932185083,$\mathcal{G}_{\mathsf{h}}$
18,25.01939422315172,0.1688131932185083,$\mathcal{G}_{\mathsf{h}}$
19,26.336204445422855,0.1686683125458255,$\mathcal{G}_{\mathsf{h}}$
0,1.3168102222711429,0.1740470183592325,$\mathcal{G}_{\mathsf{pr}}$ α=0.5
1,2.6336204445422857,0.1873661523246465,$\mathcal{G}_{\mathsf{pr}}$ α=0.5
2,3.950430666813429,0.1792027209239475,$\mathcal{G}_{\mathsf{pr}}$ α=0.5
3,5.267240889084571,0.1881373111744193,$\mathcal{G}_{\mathsf{pr}}$ α=0.5
4,6.5840511113557145,0.1750692391001437,$\mathcal{G}_{\mathsf{pr}}$ α=0.5
5,7.900861333626857,0.1766535680441396,$\mathcal{G}_{\mathsf{pr}}$ α=0.5
6,9.217671555898,0.1758064359808769,$\mathcal{G}_{\mathsf{pr}}$ α=0.5
7,10.534481778169145,0.1782665103361552,$\mathcal{G}_{\mathsf{pr}}$ α=0.5
8,11.851292000440289,0.1772967822372705,$\mathcal{G}_{\mathsf{pr}}$ α=0.5
9,13.168102222711427,0.1782665103361552,$\mathcal{G}_{\mathsf{pr}}$ α=0.5
10,14.484912444982571,0.1782665103361552,$\mathcal{G}_{\mathsf{pr}}$ α=0.5
11,15.801722667253712,0.1782665103361552,$\mathcal{G}_{\mathsf{pr}}$ α=0.5
12,17.118532889524857,0.1782665103361552,$\mathcal{G}_{\mathsf{pr}}$ α=0.5
13,18.435343111796,0.1782665103361552,$\mathcal{G}_{\mathsf{pr}}$ α=0.5
14,19.752153334067145,0.1782665103361552,$\mathcal{G}_{\mathsf{pr}}$ α=0.5
15,21.06896355633829,0.1782665103361552,$\mathcal{G}_{\mathsf{pr}}$ α=0.5
16,22.385773778609423,0.1818133955691677,$\mathcal{G}_{\mathsf{pr}}$ α=0.5
17,23.702584000880574,0.1769640808872086,$\mathcal{G}_{\mathsf{pr}}$ α=0.5
18,25.01939422315172,0.1811163447648519,$\mathcal{G}_{\mathsf{pr}}$ α=0.5
19,26.336204445422855,0.1769640808872086,$\mathcal{G}_{\mathsf{pr}}$ α=0.5
0,1.3168102222711429,0.1455479376460147,$\mathcal{G}_{\mathsf{pr}}$ α=0.95
1,2.6336204445422857,0.1572920172287319,$\mathcal{G}_{\mathsf{pr}}$ α=0.95
2,3.950430666813429,0.151654836763281,$\mathcal{G}_{\mathsf{pr}}$ α=0.95
3,5.267240889084571,0.1457616581000184,$\mathcal{G}_{\mathsf{pr}}$ α=0.95
4,6.5840511113557145,0.1575050336576685,$\mathcal{G}_{\mathsf{pr}}$ α=0.95
5,7.900861333626857,0.1575050336576685,$\mathcal{G}_{\mathsf{pr}}$ α=0.95
6,9.217671555898,0.1575050336576685,$\mathcal{G}_{\mathsf{pr}}$ α=0.95
7,10.534481778169145,0.1575050336576685,$\mathcal{G}_{\mathsf{pr}}$ α=0.95
8,11.851292000440289,0.1546624785174275,$\mathcal{G}_{\mathsf{pr}}$ α=0.95
9,13.168102222711427,0.1546624785174275,$\mathcal{G}_{\mathsf{pr}}$ α=0.95
10,14.484912444982571,0.1546624785174275,$\mathcal{G}_{\mathsf{pr}}$ α=0.95
11,15.801722667253712,0.1546624785174275,$\mathcal{G}_{\mathsf{pr}}$ α=0.95
12,17.118532889524857,0.1546624785174275,$\mathcal{G}_{\mathsf{pr}}$ α=0.95
13,18.435343111796,0.1575050336576685,$\mathcal{G}_{\mathsf{pr}}$ α=0.95
14,19.752153334067145,0.1506439608274501,$\mathcal{G}_{\mathsf{pr}}$ α=0.95
15,21.06896355633829,0.1575050336576685,$\mathcal{G}_{\mathsf{pr}}$ α=0.95
16,22.385773778609423,0.1575050336576685,$\mathcal{G}_{\mathsf{pr}}$ α=0.95
17,23.702584000880574,0.1572920172287319,$\mathcal{G}_{\mathsf{pr}}$ α=0.95
18,25.01939422315172,0.1572920172287319,$\mathcal{G}_{\mathsf{pr}}$ α=0.95
19,26.336204445422855,0.1572920172287319,$\mathcal{G}_{\mathsf{pr}}$ α=0.95
0,1.3168102222711429,0.0006479245886913,$\mathcal{G}_{\mathsf{av}}$
1,2.6336204445422857,0.0006220979428616,$\mathcal{G}_{\mathsf{av}}$
2,3.950430666813429,0.0001320259570397,$\mathcal{G}_{\mathsf{av}}$
3,5.267240889084571,0.00103389426871,$\mathcal{G}_{\mathsf{av}}$
4,6.5840511113557145,0.002140245395604,$\mathcal{G}_{\mathsf{av}}$
5,7.900861333626857,0.0015400967308155,$\mathcal{G}_{\mathsf{av}}$
6,9.217671555898,0.001541372131283,$\mathcal{G}_{\mathsf{av}}$
7,10.534481778169145,0.0001954553546113,$\mathcal{G}_{\mathsf{av}}$
8,11.851292000440289,8.294408195326448e-05,$\mathcal{G}_{\mathsf{av}}$
9,13.168102222711427,0.0013045159736653,$\mathcal{G}_{\mathsf{av}}$
10,14.484912444982571,0.0009553860248219,$\mathcal{G}_{\mathsf{av}}$
11,15.801722667253712,0.0006527341584579,$\mathcal{G}_{\mathsf{av}}$
12,17.118532889524857,0.0005867520200047,$\mathcal{G}_{\mathsf{av}}$
13,18.435343111796,0.0002298135524313,$\mathcal{G}_{\mathsf{av}}$
14,19.752153334067145,0.0002856550228873,$\mathcal{G}_{\mathsf{av}}$
15,21.06896355633829,0.0002445505927737,$\mathcal{G}_{\mathsf{av}}$
16,22.385773778609423,0.000149365374739,$\mathcal{G}_{\mathsf{av}}$
17,23.702584000880574,0.0001989386492896,$\mathcal{G}_{\mathsf{av}}$
18,25.01939422315172,0.0003958741767356,$\mathcal{G}_{\mathsf{av}}$
19,26.336204445422855,0.0003958741767356,$\mathcal{G}_{\mathsf{av}}$
0,1.3168102222711429,0.0030130686785341,$\mathcal{G}^{+5}_{\mathsf{av}}$
1,2.6336204445422857,0.0095305303641133,$\mathcal{G}^{+5}_{\mathsf{av}}$
2,3.950430666813429,0.0184738273833491,$\mathcal{G}^{+5}_{\mathsf{av}}$
3,5.267240889084571,0.0187142218255044,$\mathcal{G}^{+5}_{\mathsf{av}}$
4,6.5840511113557145,0.0183463022838208,$\mathcal{G}^{+5}_{\mathsf{av}}$
5,7.900861333626857,0.0203961194230793,$\mathcal{G}^{+5}_{\mathsf{av}}$
6,9.217671555898,0.020806305553349,$\mathcal{G}^{+5}_{\mathsf{av}}$
7,10.534481778169145,0.0210455034167472,$\mathcal{G}^{+5}_{\mathsf{av}}$
8,11.851292000440289,0.0212833896004544,$\mathcal{G}^{+5}_{\mathsf{av}}$
9,13.168102222711427,0.0207766889816339,$\mathcal{G}^{+5}_{\mathsf{av}}$
10,14.484912444982571,0.0209359092955043,$\mathcal{G}^{+5}_{\mathsf{av}}$
11,15.801722667253712,0.0214172378767466,$\mathcal{G}^{+5}_{\mathsf{av}}$
12,17.118532889524857,0.0213100876992186,$\mathcal{G}^{+5}_{\mathsf{av}}$
13,18.435343111796,0.0222090690160056,$\mathcal{G}^{+5}_{\mathsf{av}}$
14,19.752153334067145,0.0222090690160056,$\mathcal{G}^{+5}_{\mathsf{av}}$
15,21.06896355633829,0.0830508770488389,$\mathcal{G}^{+5}_{\mathsf{av}}$
16,22.385773778609423,0.0833427997005784,$\mathcal{G}^{+5}_{\mathsf{av}}$
17,23.702584000880574,0.0833427997005784,$\mathcal{G}^{+5}_{\mathsf{av}}$
18,25.01939422315172,0.0926574667391005,$\mathcal{G}^{+5}_{\mathsf{av}}$
19,26.336204445422855,0.092231233029522,$\mathcal{G}^{+5}_{\mathsf{av}}$
0,1.3168102222711429,0.1467480172833079,$\mathcal{G}_{\mathsf{sq}}$
1,2.6336204445422857,0.1576987952875495,$\mathcal{G}_{\mathsf{sq}}$
2,3.950430666813429,0.151654836763281,$\mathcal{G}_{\mathsf{sq}}$
3,5.267240889084571,0.1423450011562507,$\mathcal{G}_{\mathsf{sq}}$
4,6.5840511113557145,0.1576987952875495,$\mathcal{G}_{\mathsf{sq}}$
5,7.900861333626857,0.1575050336576685,$\mathcal{G}_{\mathsf{sq}}$
6,9.217671555898,0.1576987952875495,$\mathcal{G}_{\mathsf{sq}}$
7,10.534481778169145,0.1576987952875495,$\mathcal{G}_{\mathsf{sq}}$
8,11.851292000440289,0.1576987952875495,$\mathcal{G}_{\mathsf{sq}}$
9,13.168102222711427,0.1546624785174275,$\mathcal{G}_{\mathsf{sq}}$
10,14.484912444982571,0.1546624785174275,$\mathcal{G}_{\mathsf{sq}}$
11,15.801722667253712,0.1546624785174275,$\mathcal{G}_{\mathsf{sq}}$
12,17.118532889524857,0.1546624785174275,$\mathcal{G}_{\mathsf{sq}}$
13,18.435343111796,0.1506439608274501,$\mathcal{G}_{\mathsf{sq}}$
14,19.752153334067145,0.1506439608274501,$\mathcal{G}_{\mathsf{sq}}$
15,21.06896355633829,0.1506439608274501,$\mathcal{G}_{\mathsf{sq}}$
16,22.385773778609423,0.1506439608274501,$\mathcal{G}_{\mathsf{sq}}$
17,23.702584000880574,0.1572920172287319,$\mathcal{G}_{\mathsf{sq}}$
18,25.01939422315172,0.1572920172287319,$\mathcal{G}_{\mathsf{sq}}$
19,26.336204445422855,0.1572920172287319,$\mathcal{G}_{\mathsf{sq}}$
0,1.3168102222711429,0.1592864299522879,$\mathcal{G}_{\mathsf{h}}$
1,2.6336204445422857,0.1724300525172901,$\mathcal{G}_{\mathsf{h}}$
2,3.950430666813429,0.1632843601531674,$\mathcal{G}_{\mathsf{h}}$
3,5.267240889084571,0.1616695169274731,$\mathcal{G}_{\mathsf{h}}$
4,6.5840511113557145,0.1672752918715251,$\mathcal{G}_{\mathsf{h}}$
5,7.900861333626857,0.1665553962997139,$\mathcal{G}_{\mathsf{h}}$
6,9.217671555898,0.1589318376906521,$\mathcal{G}_{\mathsf{h}}$
7,10.534481778169145,0.1733297023309618,$\mathcal{G}_{\mathsf{h}}$
8,11.851292000440289,0.1733297023309618,$\mathcal{G}_{\mathsf{h}}$
9,13.168102222711427,0.1733297023309618,$\mathcal{G}_{\mathsf{h}}$
10,14.484912444982571,0.1733297023309618,$\mathcal{G}_{\mathsf{h}}$
11,15.801722667253712,0.1733297023309618,$\mathcal{G}_{\mathsf{h}}$
12,17.118532889524857,0.1733297023309618,$\mathcal{G}_{\mathsf{h}}$
13,18.435343111796,0.1733297023309618,$\mathcal{G}_{\mathsf{h}}$
14,19.752153334067145,0.1733297023309618,$\mathcal{G}_{\mathsf{h}}$
15,21.06896355633829,0.1733297023309618,$\mathcal{G}_{\mathsf{h}}$
16,22.385773778609423,0.1742186561725068,$\mathcal{G}_{\mathsf{h}}$
17,23.702584000880574,0.1742186561725068,$\mathcal{G}_{\mathsf{h}}$
18,25.01939422315172,0.1742186561725068,$\mathcal{G}_{\mathsf{h}}$
19,26.336204445422855,0.1742186561725068,$\mathcal{G}_{\mathsf{h}}$
0,1.3168102222711429,0.1709489305980181,$\mathcal{G}_{\mathsf{pr}}$ α=0.5
1,2.6336204445422857,0.1783133816223373,$\mathcal{G}_{\mathsf{pr}}$ α=0.5
2,3.950430666813429,0.1757155847722466,$\mathcal{G}_{\mathsf{pr}}$ α=0.5
3,5.267240889084571,0.1750953841441951,$\mathcal{G}_{\mathsf{pr}}$ α=0.5
4,6.5840511113557145,0.1786165323747494,$\mathcal{G}_{\mathsf{pr}}$ α=0.5
5,7.900861333626857,0.1740268459834789,$\mathcal{G}_{\mathsf{pr}}$ α=0.5
6,9.217671555898,0.173366371824683,$\mathcal{G}_{\mathsf{pr}}$ α=0.5
7,10.534481778169145,0.1726574183760963,$\mathcal{G}_{\mathsf{pr}}$ α=0.5
8,11.851292000440289,0.1726574183760963,$\mathcal{G}_{\mathsf{pr}}$ α=0.5
9,13.168102222711427,0.1752694170088668,$\mathcal{G}_{\mathsf{pr}}$ α=0.5
10,14.484912444982571,0.1752694170088668,$\mathcal{G}_{\mathsf{pr}}$ α=0.5
11,15.801722667253712,0.1775462942411292,$\mathcal{G}_{\mathsf{pr}}$ α=0.5
12,17.118532889524857,0.1775462942411292,$\mathcal{G}_{\mathsf{pr}}$ α=0.5
13,18.435343111796,0.1775462942411292,$\mathcal{G}_{\mathsf{pr}}$ α=0.5
14,19.752153334067145,0.1775462942411292,$\mathcal{G}_{\mathsf{pr}}$ α=0.5
15,21.06896355633829,0.1757277197722343,$\mathcal{G}_{\mathsf{pr}}$ α=0.5
16,22.385773778609423,0.1757277197722343,$\mathcal{G}_{\mathsf{pr}}$ α=0.5
17,23.702584000880574,0.178573317958689,$\mathcal{G}_{\mathsf{pr}}$ α=0.5
18,25.01939422315172,0.178573317958689,$\mathcal{G}_{\mathsf{pr}}$ α=0.5
19,26.336204445422855,0.1801585735074938,$\mathcal{G}_{\mathsf{pr}}$ α=0.5
0,1.3168102222711429,0.1488036017686514,$\mathcal{G}_{\mathsf{pr}}$ α=0.95
1,2.6336204445422857,0.1576987952875495,$\mathcal{G}_{\mathsf{pr}}$ α=0.95
2,3.950430666813429,0.151654836763281,$\mathcal{G}_{\mathsf{pr}}$ α=0.95
3,5.267240889084571,0.1521182161628259,$\mathcal{G}_{\mathsf{pr}}$ α=0.95
4,6.5840511113557145,0.1576987952875495,$\mathcal{G}_{\mathsf{pr}}$ α=0.95
5,7.900861333626857,0.1575050336576685,$\mathcal{G}_{\mathsf{pr}}$ α=0.95
6,9.217671555898,0.1576987952875495,$\mathcal{G}_{\mathsf{pr}}$ α=0.95
7,10.534481778169145,0.1576987952875495,$\mathcal{G}_{\mathsf{pr}}$ α=0.95
8,11.851292000440289,0.1576987952875495,$\mathcal{G}_{\mathsf{pr}}$ α=0.95
9,13.168102222711427,0.1546624785174275,$\mathcal{G}_{\mathsf{pr}}$ α=0.95
10,14.484912444982571,0.1546624785174275,$\mathcal{G}_{\mathsf{pr}}$ α=0.95
11,15.801722667253712,0.1546624785174275,$\mathcal{G}_{\mathsf{pr}}$ α=0.95
12,17.118532889524857,0.1546624785174275,$\mathcal{G}_{\mathsf{pr}}$ α=0.95
13,18.435343111796,0.1677252505998581,$\mathcal{G}_{\mathsf{pr}}$ α=0.95
14,19.752153334067145,0.1677252505998581,$\mathcal{G}_{\mathsf{pr}}$ α=0.95
15,21.06896355633829,0.1572920172287319,$\mathcal{G}_{\mathsf{pr}}$ α=0.95
16,22.385773778609423,0.1572920172287319,$\mathcal{G}_{\mathsf{pr}}$ α=0.95
17,23.702584000880574,0.1572920172287319,$\mathcal{G}_{\mathsf{pr}}$ α=0.95
18,25.01939422315172,0.1572920172287319,$\mathcal{G}_{\mathsf{pr}}$ α=0.95
19,26.336204445422855,0.1572920172287319,$\mathcal{G}_{\mathsf{pr}}$ α=0.95
0,1.3168102222711429,0.0005105332563556,$\mathcal{G}_{\mathsf{av}}$
1,2.6336204445422857,0.0003887857273411,$\mathcal{G}_{\mathsf{av}}$
2,3.950430666813429,0.0001401801706376,$\mathcal{G}_{\mathsf{av}}$
3,5.267240889084571,0.0010421054947098,$\mathcal{G}_{\mathsf{av}}$
4,6.5840511113557145,0.0014509589005221,$\mathcal{G}_{\mathsf{av}}$
5,7.900861333626857,0.0019839959057082,$\mathcal{G}_{\mathsf{av}}$
6,9.217671555898,0.0011392905545749,$\mathcal{G}_{\mathsf{av}}$
7,10.534481778169145,0.0011267504522988,$\mathcal{G}_{\mathsf{av}}$
8,11.851292000440289,0.0010146394863326,$\mathcal{G}_{\mathsf{av}}$
9,13.168102222711427,0.0018275264140182,$\mathcal{G}_{\mathsf{av}}$
10,14.484912444982571,0.0018251698788185,$\mathcal{G}_{\mathsf{av}}$
11,15.801722667253712,0.0012774110653645,$\mathcal{G}_{\mathsf{av}}$
12,17.118532889524857,0.0013093017698215,$\mathcal{G}_{\mathsf{av}}$
13,18.435343111796,0.0011111161056874,$\mathcal{G}_{\mathsf{av}}$
14,19.752153334067145,0.000421357466593,$\mathcal{G}_{\mathsf{av}}$
15,21.06896355633829,0.0003662163591845,$\mathcal{G}_{\mathsf{av}}$
16,22.385773778609423,0.0001766823482079,$\mathcal{G}_{\mathsf{av}}$
17,23.702584000880574,0.00018753715372,$\mathcal{G}_{\mathsf{av}}$
18,25.01939422315172,0.0004839857170837,$\mathcal{G}_{\mathsf{av}}$
19,26.336204445422855,0.0003999520798445,$\mathcal{G}_{\mathsf{av}}$
0,1.3168102222711429,0.0022067529135587,$\mathcal{G}^{+5}_{\mathsf{av}}$
1,2.6336204445422857,0.0097733245555771,$\mathcal{G}^{+5}_{\mathsf{av}}$
2,3.950430666813429,0.0172004465867763,$\mathcal{G}^{+5}_{\mathsf{av}}$
3,5.267240889084571,0.0128785569375384,$\mathcal{G}^{+5}_{\mathsf{av}}$
4,6.5840511113557145,0.0198260036735536,$\mathcal{G}^{+5}_{\mathsf{av}}$
5,7.900861333626857,0.0196167973750135,$\mathcal{G}^{+5}_{\mathsf{av}}$
6,9.217671555898,0.0196104244823552,$\mathcal{G}^{+5}_{\mathsf{av}}$
7,10.534481778169145,0.0198141320755746,$\mathcal{G}^{+5}_{\mathsf{av}}$
8,11.851292000440289,0.0225443150951395,$\mathcal{G}^{+5}_{\mathsf{av}}$
9,13.168102222711427,0.02276631905827,$\mathcal{G}^{+5}_{\mathsf{av}}$
10,14.484912444982571,0.0229944039997605,$\mathcal{G}^{+5}_{\mathsf{av}}$
11,15.801722667253712,0.0218250285270197,$\mathcal{G}^{+5}_{\mathsf{av}}$
12,17.118532889524857,0.0230382691969276,$\mathcal{G}^{+5}_{\mathsf{av}}$
13,18.435343111796,0.0228108547685107,$\mathcal{G}^{+5}_{\mathsf{av}}$
14,19.752153334067145,0.0228108547685107,$\mathcal{G}^{+5}_{\mathsf{av}}$
15,21.06896355633829,0.0826767655716909,$\mathcal{G}^{+5}_{\mathsf{av}}$
16,22.385773778609423,0.0826767655716909,$\mathcal{G}^{+5}_{\mathsf{av}}$
17,23.702584000880574,0.0826767655716909,$\mathcal{G}^{+5}_{\mathsf{av}}$
18,25.01939422315172,0.0918362170223288,$\mathcal{G}^{+5}_{\mathsf{av}}$
19,26.336204445422855,0.0897900104549707,$\mathcal{G}^{+5}_{\mathsf{av}}$
